x_tailhead,y_tailhead,intercept,x_ymax,y_ymax,slope,diameter,shape,shoulder,battery,soc,cycle
0.07390321202404809,-0.005970975182552884,0.05270504472599627,0.06561940280561122,-0.006434824224533729,-2.0637793321374116,0.042396334596103646,0.2868368872946137,0,B01,100,1
0.08109248416833667,-0.006846831234568798,0.05540489041397663,0.07149465571142284,-0.006976071098880035,-0.9534884013617435,0.05137518750872008,0.31676910650605034,0,B01,10,1
0.07959061402805612,-0.0065134789820147886,0.056987532927368176,0.07161113947895792,-0.00697138197753136,-0.8201084471814593,0.04520616220137588,0.283991791955773,0,B01,15,1
0.07932820721442885,-0.006361729602475268,0.056619610850768956,0.07016676633266533,-0.006948224561570357,-0.8436429990005405,0.04541719272731978,0.28626130806507716,0,B01,20,1
0.08023257314629259,-0.006310199472790575,0.056322572408582704,0.0709098641282565,-0.006952263469664821,-0.8154166398108557,0.047820001475419774,0.29800864910705815,0,B01,25,1
0.08026594729458919,-0.0061594947633854796,0.056143517257395005,0.06962688617234469,-0.006930485691598096,-0.7967479313514386,0.04824486007438837,0.3005313068649263,0,B01,30,1
0.07982696993987975,-0.006008132357856841,0.05647150105064336,0.06945988877755511,-0.006905789656680388,-0.7848832008913097,0.046710937778472794,0.2925761670125541,0,B01,35,1
0.07871230320641283,-0.005831212052651871,0.05505178118423901,0.0693445639278557,-0.0068732221686916735,-0.7860591350151118,0.04732104404434764,0.30059496493359067,0,B01,40,1
0.07849779519038076,-0.005672083134524542,0.05601800248108205,0.07023009258517034,-0.006796221471320708,-0.7762060072547773,0.04495958541859742,0.28637482944302384,0,B01,45,1
0.07848125450901804,-0.0055528987031560305,0.0557483481321247,0.07003463967935872,-0.006718992384626031,-0.7742152901981375,0.045465812753786666,0.2896603337843073,0,B01,50,1
0.08280467174348699,-0.005590607035579485,0.05616284834390035,0.06925151723446894,-0.006641755393128074,-0.7355447839227343,0.05328364679917329,0.3217429987781113,0,B01,55,1
0.0831785995991984,-0.008087945237366593,0.05702713362444712,0.0831785995991984,-0.008087945237366593,-1.478612189783832,0.05230293194950257,0.31440137367981497,0,B01,5,1
0.0787053250501002,-0.00511616986279615,0.05607618971429496,0.07009207915831663,-0.006492351089218381,-0.7974961605518376,0.045258270671610465,0.28751720828801053,0,B01,60,1
0.08293856112224449,-0.005589582649130138,0.05619232756337688,0.06864655871743487,-0.006497590357222851,-0.8117673331522314,0.05349246711773521,0.3224824882052861,0,B01,65,1
0.0784758128256513,-0.004946654341439278,0.05565930990866858,0.06841771783567134,-0.006424869456346408,-0.9185601640591687,0.04563300583396544,0.2907456717609775,0,B01,70,1
0.08156424609218436,-0.005096003493835066,0.05569840689226324,0.06783115871743486,-0.006427713538025404,-0.8322149914286261,0.051731678399842246,0.31712227402540333,0,B01,75,1
0.07732826813627255,-0.004860749809136268,0.05496539507560338,0.067774901002004,-0.006399188806025153,-0.8447465037132345,0.04472574612133835,0.289194024380062,0,B01,80,1
0.0782818258517034,-0.004644519509474487,0.055904154542462565,0.06815408977955911,-0.006458320617775437,-0.8216897987024133,0.04475534261848167,0.2858603649796436,0,B01,85,1
0.07873014328657314,-0.004317234331370614,0.055786490663400065,0.06768651302605211,-0.006430694461603758,-0.8094987491433837,0.045887305246346155,0.2914214513704048,0,B01,90,1
0.0770852496993988,-0.004438568907717189,0.05568810341015017,0.0679330248496994,-0.00650824223371131,-0.8573340886742977,0.04279429257849725,0.2775776996596471,0,B01,95,1
0.07815818236472946,-0.006258700079972781,0.05277580229049667,0.06542182965931864,-0.00675066590683757,-2.2017815303756976,0.05076476014846558,0.3247565297230751,0,B01,100,2
0.08080022364729458,-0.0071214917192165775,0.05559982591848591,0.07082967374749499,-0.0075264573599741775,-0.841826795264591,0.050400795457617345,0.31188524723412014,0,B01,10,2
0.07962976452905811,-0.006882785920677701,0.05337228886123905,0.07085986472945892,-0.007512383676914817,-0.8214798515220224,0.05251495133563812,0.3297444846548216,0,B01,15,2
0.07944414268537074,-0.006680370559573984,0.05434788937989877,0.07048708296593187,-0.007468203927663026,-0.8384669959507353,0.050192506610943946,0.3158980946507631,0,B01,20,2
0.08015018336673346,-0.006640606031397892,0.054733044001087514,0.07019974488977956,-0.00740917721789079,-0.7950471702192973,0.0508342787312919,0.3171189172375044,0,B01,25,2
0.07732663627254509,-0.006565922586062617,0.054316165830249834,0.07007993727454909,-0.007371818862659862,-0.7929864131656602,0.04602094088459051,0.2975749567224502,0,B01,30,2
0.07908275651302604,-0.006317631955842968,0.05463638283854238,0.06987108617234469,-0.00733524140881672,-0.7736176351206762,0.04889274734896733,0.3091239449962395,0,B01,35,2
0.07963640400801604,-0.00612888977696925,0.0548035347441899,0.06858139478957916,-0.007277527608135744,-0.7735916564807399,0.049665738527652284,0.311828108930264,0,B01,40,2
0.07959702705410822,-0.0059516977041560466,0.05486160228109984,0.06896216352705412,-0.007216936269410486,-0.7679362002209101,0.04947084954601676,0.31075814874585467,0,B01,45,2
0.07845167915831663,-0.005826894308039619,0.05471771729736778,0.06894485991983967,-0.007146055371735162,-0.7818610201730449,0.047467923721897703,0.3025296859873881,0,B01,50,2
0.0845156615230461,-0.0063529630525442716,0.05484623093620052,0.06947220420841684,-0.00707015222920217,-0.73653993814342,0.05933886117369115,0.3510524564580872,0,B01,55,2
0.08224190160320641,-0.007765195060493025,0.05543874234684181,0.07341517054108217,-0.007845978626561324,-1.1489126100120823,0.05360631851272919,0.3259063656587387,0,B01,5,2
0.0790978869739479,-0.005395661392151577,0.05406171558027393,0.06803963206412826,-0.0069292625982015806,-0.8194375958746442,0.05007234278734794,0.3165213680350275,0,B01,60,2
0.0775536503006012,-0.005410139530234403,0.05511048214779138,0.06831635571142285,-0.006864918051874776,-0.8886692784766856,0.04488633630561964,0.2893889335423821,0,B01,65,2
0.07899030340681362,-0.005128497883177707,0.05320113062154971,0.06901240521042085,-0.0067211600255306335,-0.9066117418251985,0.05157834557052783,0.32648529848588187,0,B01,70,2
0.07873488376753507,-0.004948511096931861,0.054423168664450114,0.06701917875751502,-0.00664184418458433,-0.855155952127631,0.04862343020616991,0.30877946266949924,0,B01,75,2
0.07672704208416833,-0.00490233146531017,0.0548700848316136,0.0670190741482966,-0.00659952083414605,-0.8372611303535115,0.043713914505109475,0.28486641292098824,0,B01,80,2
0.08098176553106212,-0.004879148411785239,0.054807964563083816,0.06720361082164329,-0.0066870447327595384,-0.7801053860963931,0.05234760193595661,0.32320610444012654,0,B01,85,2
0.0779865987975952,-0.004599156495563467,0.05403337822020078,0.06753911623246493,-0.006735013178442039,-0.8060759498877503,0.04790644115478884,0.3071453422345307,0,B01,90,2
0.07860417134268537,-0.004356065738325275,0.05447264561528691,0.06749320561122245,-0.006801801703934936,-0.8224705085895656,0.04826305145479691,0.30700057408141673,0,B01,95,2
0.06097512044088176,-0.006829716075038909,0.04250334669019781,0.06097512044088176,-0.006829716075038909,-3.136644614606586,0.0369435475013679,0.30293952053105333,0,B02,100,1
0.06625105490981964,-0.006263185621846806,0.04764160528988052,0.06625105490981964,-0.006263185621846806,-0.7961459597710882,0.03721889923987824,0.28089288004953494,0,B02,10,1
0.06531223086172344,-0.005963473641089815,0.047500706819846,0.0590991871743487,-0.006017857817873873,-0.8162712166203828,0.03562304808375488,0.2727134536192359,0,B02,15,1
0.06613118897795592,-0.006003783000255376,0.047275547642938835,0.059127618236472945,-0.0060131834422632174,-0.7958247152764628,0.037711282670034166,0.28512478947418285,0,B02,20,1
0.0650777372745491,-0.005712908674655655,0.047183620908761055,0.058683528056112225,-0.006027779745584353,-0.7783254719353615,0.035788232731576095,0.2749652510242725,0,B02,25,1
0.06578363807615231,-0.005730194625544877,0.04706339422407342,0.05843912144288577,-0.006001170313498774,-0.775396363844149,0.03744048770415778,0.28457294852571097,0,B02,30,1
0.06664197875751503,-0.005749283558202756,0.047011062199036474,0.058536745891783565,-0.005977659035746027,-0.7649869998029742,0.03926183311695711,0.2945728341877128,0,B02,35,1
0.06544560240480962,-0.0054423902101104395,0.047052452265501005,0.05829056392785571,-0.0059514220391286825,-0.770111519510144,0.036786300278617234,0.28104485960017533,0,B02,40,1
0.06600665290581162,-0.005394436814064494,0.04707327177788926,0.057922668937875746,-0.005910911001014877,-0.7614390077187426,0.03786676225584472,0.2868404970471598,0,B02,45,1
0.06581117695390781,-0.005273176034471399,0.0471228413007633,0.05720818116232465,-0.005889806979089625,-0.7689613907003562,0.03737667130628902,0.2839690234720048,0,B02,50,1
0.06584287274549099,-0.005184385543473694,0.04707912280675536,0.05774731583166333,-0.0058705466920234385,-0.7820232157289683,0.037527499877471254,0.2849776924415953,0,B02,55,1
0.06669735210420842,-0.00652848208019166,0.047923832095066406,0.06669735210420842,-0.00652848208019166,-1.014381889317297,0.03754704001828403,0.2814732431927752,0,B02,5,1
0.06566002204408818,-0.0050711752156933024,0.047136574238173655,0.05799521442885771,-0.0058083582604815075,-0.8415127283561816,0.03704689561182904,0.28211150756965536,0,B02,60,1
0.07064609318637274,-0.006265096334527971,0.04706655906831981,0.07064609318637274,-0.006265096334527971,-0.8940210889913864,0.04715906823610587,0.3337698244097849,0,B02,65,1
0.0644937,-0.004932861885649327,0.0469900229029914,0.057511400000000004,-0.005750544637144649,-0.915445043206582,0.035007354194017196,0.27140134768215496,0,B02,70,1
0.06432492244488977,-0.004827071400507996,0.04693313202413814,0.05653174789579158,-0.005715072778196359,-0.8840201277505871,0.034783580841503264,0.27037405969128075,0,B02,75,1
0.06539990721442886,-0.00468624137641608,0.046787957851248604,0.0573378130260521,-0.005725006999917733,-0.8619186545271971,0.037223898726360505,0.2845867854545517,0,B02,80,1
0.06563568937875752,-0.004620789609309386,0.04674512087751551,0.05680248056112225,-0.00579173016483895,-0.8719649098844404,0.03778113700248402,0.2878094018672072,0,B02,85,1
0.06491403607214428,-0.00460595004787975,0.04667464844302636,0.05711553306613226,-0.005917287968879539,-0.8603679184962231,0.036478775258235854,0.2809775625235658,0,B02,90,1
0.0657340240480962,-0.00445561093660509,0.04653368325374142,0.057368251703406814,-0.005887105896599916,-0.8909784595777912,0.038400681588709545,0.2920913647444783,0,B02,95,1
0.057491676152304605,-0.006780176349691202,0.04270496199022065,0.057491676152304605,-0.006780176349691202,-4.519756736819835,0.029573428324167914,0.2571974788647942,0,B02,100,2
0.06684819018036073,-0.006079967912963294,0.048883294684290486,0.06684819018036073,-0.006079967912963294,-0.8227792308497327,0.035929790992140484,0.268741688407716,0,B02,10,2
0.06550641362725451,-0.005535975967514038,0.04868003306476303,0.06550641362725451,-0.005535975967514038,-0.8248710764548342,0.03365276112498296,0.25686615448431016,0,B02,15,2
0.06328275951903808,-0.005077832801570148,0.04853073261038891,0.05833104609218437,-0.005186534029621506,-0.8179778540315712,0.029504053817298342,0.23311288920975623,0,B02,20,2
0.06634857114228457,-0.005456589030821817,0.04842308957739837,0.06634857114228457,-0.005456589030821817,-0.79090168284198,0.0358509631297724,0.2701713278262615,0,B02,25,2
0.06316189458917836,-0.004872469270726536,0.04838587791953248,0.058340541482965934,-0.0051511688090354335,-0.7988458525221017,0.029552033339291753,0.23393878169350352,0,B02,30,2
0.06602247294589178,-0.005057925475396423,0.04842497779316062,0.05830786733466934,-0.00511511093171632,-0.772324869524553,0.03519499030546232,0.26653795847897205,0,B02,35,2
0.06536951983967937,-0.004801338795081856,0.04840849500435798,0.058149745891783566,-0.005075817163608137,-0.7704019630154967,0.03392204967064277,0.2594638124452924,0,B02,40,2
0.06524342364729459,-0.00467799192712358,0.04855168359616154,0.05811328096192385,-0.005047010744409447,-0.7934629859687067,0.03338348010226609,0.2558378932008298,0,B02,45,2
0.06433249298597195,-0.004514016614575573,0.04854364993348633,0.057338388777555115,-0.005028215415590556,-0.8067835504754557,0.031577686104971234,0.24542563671407014,0,B02,50,2
0.0652705356713427,-0.00449750326606202,0.04851092656064881,0.058211009619238474,-0.005005961909560241,-0.8095400278064689,0.03351921822138777,0.25677143504817695,0,B02,55,2
0.06619922044088176,-0.005962544618929007,0.049119881126303146,0.06619922044088176,-0.005962544618929007,-0.8708874213938612,0.03415867862915724,0.2579991003040749,0,B02,5,2
0.0644474751503006,-0.004352049630728218,0.04859021400875853,0.05826131883767535,-0.004952705734166759,-0.8428791157106025,0.031714522283084134,0.24604937749012973,0,B02,60,2
0.06391665330661322,-0.004302889521165532,0.048559762872476514,0.057141481963927855,-0.004905749540514511,-0.9360927641055851,0.03071378086827342,0.2402643073389418,0,B02,65,2
0.06370773547094188,-0.004140298936742878,0.04852050457976998,0.0578310621242485,-0.004793041091044107,-0.8925487354289112,0.030374461782343806,0.23838911835281043,0,B02,70,2
0.06357748196392786,-0.004047043992681085,0.04840943899762287,0.05771404689378758,-0.004764096169409877,-0.8569404098503255,0.030336085932609974,0.23857571104987962,0,B02,75,2
0.06350529859719439,-0.003899117847040584,0.0484000396262162,0.05704770340681363,-0.004757159628498885,-0.8362243353671603,0.03021051794195638,0.23785824655024182,0,B02,80,2
0.06363876713426854,-0.0038985980258845554,0.04842334666015531,0.05696309058116232,-0.004793765572308748,-0.8235052652028708,0.030430840948226456,0.23909043432615382,0,B02,85,2
0.06405711603206413,-0.003709508268447231,0.048330366210723646,0.057662846092184375,-0.00472823830989718,-0.8144318536722386,0.03145349964268096,0.24551136228906048,0,B02,90,2
0.06644725450901803,-0.003767007897645146,0.048149035675458855,0.05794130761523046,-0.0047505155505852825,-0.8313624174476125,0.036596437667118356,0.27537960700958375,0,B02,95,2
0.08465469539078156,-0.0056477876205654285,0.05957129845601618,0.0702560501002004,-0.006659945282309083,-2.0641195689025436,0.05016679386953077,0.2963024888221006,0,B03,100,1
0.09018701002004008,-0.006677411580797441,0.06563186842528644,0.07570079759519038,-0.007767502506659071,-0.7905789398720608,0.049110283189507276,0.27226916148231706,0,B03,10,1
0.09114252925851703,-0.006635720936489727,0.06365434282358323,0.07509104549098196,-0.007732075322002616,-0.8116633767269654,0.05497637286986759,0.3015956069966656,0,B03,15,1
0.0915122244488978,-0.006587723953993535,0.06437909668082806,0.07507194709418838,-0.007653582264642012,-0.8251128432991663,0.05426625553613948,0.2964973032998603,0,B03,20,1
0.09019144048096192,-0.006328697544387703,0.05829123663427905,0.0744232390781563,-0.007621929521192564,-0.7865446532748597,0.06380040769336574,0.3536943603136767,0,B03,25,1
0.08822301022044088,-0.0062198705062960075,0.06320498535074365,0.07414497755511021,-0.007600906960399588,-0.7867081879968203,0.05003604973939446,0.28357709408447124,0,B03,30,1
0.09082581543086173,-0.0061253554606013885,0.062176882771685024,0.07393055791583167,-0.007588704393995439,-0.7599026437800358,0.0572978653183534,0.31542720011123704,0,B03,35,1
0.09104808637274549,-0.005931810209314765,0.0605583395754804,0.07385615791583167,-0.007590953495945883,-0.7537415023765937,0.06097949359453017,0.33487520728817805,0,B03,40,1
0.09077985511022045,-0.005740867512707887,0.06307936964368166,0.07406869038076153,-0.007590255114512852,-0.7627728288500751,0.05540097093307758,0.30513912401497245,0,B03,45,1
0.09031002645290581,-0.005563154659391787,0.06311445003542558,0.07370468376753507,-0.007565674985739289,-0.7371536322585621,0.05439115283496046,0.3011357374771889,0,B03,50,1
0.09151468216432865,-0.005392565286347104,0.057802609843155786,0.07394710741482965,-0.007609106006268693,-0.727982018104449,0.06742414464234572,0.36837883849760483,0,B03,55,1
0.09228599759519038,-0.006905637467339102,0.06490401678662773,0.07487191022044089,-0.00782955409817885,-0.9523455607052848,0.054763961617125295,0.29670785950294265,0,B03,5,1
0.08952002605210421,-0.005269022283740252,0.06174106946935301,0.07390933186372746,-0.007607385633216206,-0.7810390577751027,0.055557913165502404,0.3103099698226489,0,B03,60,1
0.08957956613226453,-0.005208719767400937,0.06423901231628815,0.07380109619238477,-0.007588080439750422,-0.8340516940194331,0.05068110763195277,0.2828831943499366,0,B03,65,1
0.09343005931863727,-0.005530799786441679,0.06466969462213291,0.07326097454909819,-0.0075549641980793185,-0.8414865856268618,0.0575207293930087,0.3078277473678889,0,B03,70,1
0.09003257935871743,-0.0049180469861800635,0.06441865973515228,0.07311150561122244,-0.007501676465876635,-0.8219740776822572,0.05122783924713031,0.28449612135970737,0,B03,75,1
0.0923938753507014,-0.005083937146335832,0.05476159770857151,0.0731766611222445,-0.007445073087655215,-0.7666070588870996,0.07526455528425978,0.407302729745757,0,B03,80,1
0.08897452084168336,-0.004525921369020696,0.05723654743854017,0.0729183380761523,-0.007429907621184645,-0.7714666966405256,0.06347594680628639,0.3567085622143006,0,B03,85,1
0.08878653426853708,-0.004283021223862149,0.06449585964650983,0.07245318637274549,-0.007389692001146116,-0.7605352151286671,0.048581349244054495,0.2735851198849535,0,B03,90,1
0.08850807134268537,-0.00408310198173538,0.06419593264425266,0.07253519278557113,-0.00739591263151784,-0.7858375323645297,0.04862427739686542,0.2746883795976191,0,B03,95,1
0.08578888517034068,-0.005167327879352153,0.06022348259869897,0.07129087515030061,-0.007011529475591108,-2.076653548868538,0.05113080514328343,0.29800366936672,0,B03,100,2
0.0908806627254509,-0.006954259628335515,0.05701725117084922,0.07626910901803606,-0.007819188895257491,-0.7676502546015299,0.06772682310920335,0.3726140472468002,0,B03,10,2
0.08915303246492985,-0.006679422345404853,0.06375219598470637,0.07569073266533066,-0.007823807284274557,-0.7916200902181589,0.050801672960446964,0.28491275930760307,0,B03,15,2
0.09140903006012024,-0.006844238389348041,0.06323718891095033,0.07540474789579157,-0.007804603897146077,-0.7709366761818858,0.05634368229833983,0.3081953843142317,0,B03,20,2
0.09010566733466935,-0.006594237854281645,0.06153327149304394,0.07527517034068136,-0.007863068650695538,-0.7559686384455508,0.05714479168325082,0.3170987651143204,0,B03,25,2
0.0910418627254509,-0.006601687364748041,0.0588612352476751,0.07534646773547095,-0.007904034955469843,-0.7517042415258692,0.06436125495555159,0.3534706618956254,0,B03,30,2
0.09004651482965931,-0.006401902647707439,0.06268406697911501,0.07558302244488978,-0.007884030749077309,-0.7428924174295425,0.0547248957010886,0.30387014869265905,0,B03,35,2
0.08995379759519037,-0.006155394773709352,0.05576547301522111,0.07509521082164328,-0.007860319392764364,-0.7426083444978239,0.06837664915993852,0.38006538349635205,0,B03,40,2
0.09002481523046091,-0.006043290435229899,0.056141968441870874,0.07491141563126252,-0.007876805878840671,-0.7356472486600635,0.06776569357718007,0.37637230025800034,0,B03,45,2
0.090112374749499,-0.005865081627695107,0.062217005172753505,0.07496349298597195,-0.007880709212752022,-0.7400466857303877,0.05579073915349099,0.30956202912520164,0,B03,50,2
0.09008857915831664,-0.005743710998593905,0.0638241197487646,0.07522229498997995,-0.007882942239844249,-0.7522965693028707,0.05252891881910407,0.2915403889697976,0,B03,55,2
0.0898806987975952,-0.006886862471940508,0.06256532318811046,0.07630177655310622,-0.00782000574266686,-0.8986970725752759,0.05463075121896946,0.30390702314183127,0,B03,5,2
0.09085074348697394,-0.005572454559097445,0.06320163235811525,0.07489873947895791,-0.007865195970722116,-0.8021068945103894,0.05529822225771738,0.3043355515612592,0,B03,60,2
0.08981889438877755,-0.0054859270991718945,0.06323478242758149,0.07441225711422846,-0.007818974395202266,-0.8538389587866028,0.05316822392239212,0.2959746069254402,0,B03,65,2
0.09083498396793588,-0.005356323537467332,0.05887382639061509,0.07414963927855711,-0.007746805269605699,-0.8580147492967936,0.06392231515464157,0.35185956094408355,0,B03,70,2
0.09062667014028056,-0.005187244482791379,0.06402478273658324,0.07428999038076152,-0.007689169408680157,-0.8184639877030384,0.05320377480739463,0.2935326583501346,0,B03,75,2
0.0916501250501002,-0.005079281378694744,0.0632439971702963,0.073589301002004,-0.0076428823110010835,-0.7846379649447857,0.0568122557596078,0.30994096150197065,0,B03,80,2
0.08932621963927856,-0.004790552662149791,0.06335972843214667,0.07347522805611223,-0.007592339564524004,-0.780983136706586,0.05193298241426378,0.2906928258241648,0,B03,85,2
0.08852627234468938,-0.004555931538905579,0.06316291574481052,0.07273573446893788,-0.007524308379748063,-0.773189637347111,0.05072671319975772,0.28650654690534233,0,B03,90,2
0.08852418276553106,-0.004331198694498634,0.06315302176689247,0.07277356152304609,-0.007511976770904528,-0.7966714116776631,0.050742321997277184,0.2866014709883031,0,B03,95,2
0.07815818236472946,-0.006258700079972781,0.05277580229049667,0.06542182965931864,-0.00675066590683757,-2.2017815303756976,0.05076476014846558,0.3247565297230751,0,B04,100,1
0.08080022364729458,-0.0071214917192165775,0.05559982591848591,0.07082967374749499,-0.0075264573599741775,-0.841826795264591,0.050400795457617345,0.31188524723412014,0,B04,10,1
0.07962976452905811,-0.006882785920677701,0.05337228886123905,0.07085986472945892,-0.007512383676914817,-0.8214798515220224,0.05251495133563812,0.3297444846548216,0,B04,15,1
0.07944414268537074,-0.006680370559573984,0.05434788937989877,0.07048708296593187,-0.007468203927663026,-0.8384669959507353,0.050192506610943946,0.3158980946507631,0,B04,20,1
0.08015018336673346,-0.006640606031397892,0.054733044001087514,0.07019974488977956,-0.00740917721789079,-0.7950471702192973,0.0508342787312919,0.3171189172375044,0,B04,25,1
0.07732663627254509,-0.006565922586062617,0.054316165830249834,0.07007993727454909,-0.007371818862659862,-0.7929864131656602,0.04602094088459051,0.2975749567224502,0,B04,30,1
0.07908275651302604,-0.006317631955842968,0.05463638283854238,0.06987108617234469,-0.00733524140881672,-0.7736176351206762,0.04889274734896733,0.3091239449962395,0,B04,35,1
0.07963640400801604,-0.00612888977696925,0.0548035347441899,0.06858139478957916,-0.007277527608135744,-0.7735916564807399,0.049665738527652284,0.311828108930264,0,B04,40,1
0.07959702705410822,-0.0059516977041560466,0.05486160228109984,0.06896216352705412,-0.007216936269410486,-0.7679362002209101,0.04947084954601676,0.31075814874585467,0,B04,45,1
0.07845167915831663,-0.005826894308039619,0.05471771729736778,0.06894485991983967,-0.007146055371735162,-0.7818610201730449,0.047467923721897703,0.3025296859873881,0,B04,50,1
0.0845156615230461,-0.0063529630525442716,0.05484623093620052,0.06947220420841684,-0.00707015222920217,-0.73653993814342,0.05933886117369115,0.3510524564580872,0,B04,55,1
0.08224190160320641,-0.007765195060493025,0.05543874234684181,0.07341517054108217,-0.007845978626561324,-1.1489126100120823,0.05360631851272919,0.3259063656587387,0,B04,5,1
0.0790978869739479,-0.005395661392151577,0.05406171558027393,0.06803963206412826,-0.0069292625982015806,-0.8194375958746442,0.05007234278734794,0.3165213680350275,0,B04,60,1
0.0775536503006012,-0.005410139530234403,0.05511048214779138,0.06831635571142285,-0.006864918051874776,-0.8886692784766856,0.04488633630561964,0.2893889335423821,0,B04,65,1
0.07899030340681362,-0.005128497883177707,0.05320113062154971,0.06901240521042085,-0.0067211600255306335,-0.9066117418251985,0.05157834557052783,0.32648529848588187,0,B04,70,1
0.07873488376753507,-0.004948511096931861,0.054423168664450114,0.06701917875751502,-0.00664184418458433,-0.855155952127631,0.04862343020616991,0.30877946266949924,0,B04,75,1
0.07672704208416833,-0.00490233146531017,0.0548700848316136,0.0670190741482966,-0.00659952083414605,-0.8372611303535115,0.043713914505109475,0.28486641292098824,0,B04,80,1
0.08098176553106212,-0.004879148411785239,0.054807964563083816,0.06720361082164329,-0.0066870447327595384,-0.7801053860963931,0.05234760193595661,0.32320610444012654,0,B04,85,1
0.0779865987975952,-0.004599156495563467,0.05403337822020078,0.06753911623246493,-0.006735013178442039,-0.8060759498877503,0.04790644115478884,0.3071453422345307,0,B04,90,1
0.07860417134268537,-0.004356065738325275,0.05447264561528691,0.06749320561122245,-0.006801801703934936,-0.8224705085895656,0.04826305145479691,0.30700057408141673,0,B04,95,1
0.06492624428857716,-0.005859940115865406,0.04660371822574552,0.06492624428857716,-0.005859940115865406,-2.1827094008593004,0.03664505212566327,0.28220523554995186,0,B04,100,2
0.07052225831663327,-0.006057728363928098,0.05180126120895355,0.07052225831663327,-0.006057728363928098,-0.8902402941727273,0.03744199421535943,0.26546224631130694,0,B04,10,2
0.07035914709418838,-0.006013016637776992,0.05144880005528745,0.07035914709418838,-0.006013016637776992,-0.8246630167165174,0.03782069407780185,0.268768849821133,0,B04,15,2
0.07033510821643287,-0.00589480736159248,0.051174412457298604,0.06332826953907815,-0.005920531429862198,-0.8462104916389318,0.03832139151826852,0.2724200793176233,0,B04,20,2
0.07082610541082164,-0.005884355780779343,0.05112174135134591,0.06286719198396794,-0.005942413167067969,-0.8266454876594652,0.039408728118951464,0.2782076459687005,0,B04,25,2
0.07009753306613226,-0.005671372271806483,0.05078721377388768,0.061820198396793584,-0.0059399764590335035,-0.8223416329739967,0.03862063858448915,0.2754778727238033,0,B04,30,2
0.07103927655310621,-0.005665960088588961,0.05108653030333231,0.06169840681362726,-0.005930310169233276,-0.808002554272126,0.03990549249954781,0.2808692207733563,0,B04,35,2
0.07088806773547095,-0.005484729271061001,0.05090340001309021,0.06181058897795591,-0.005880934381860792,-0.8111424996701685,0.03996933544476147,0.28191864104628167,0,B04,40,2
0.07069371603206413,-0.0053294201937455175,0.05092352893221397,0.061645809819639276,-0.00584256375040587,-0.8019467502059073,0.03954037419970033,0.27965975209003185,0,B04,45,2
0.06365739158316633,-0.005707056024482867,0.0508878971669799,0.06263939238476954,-0.005791083667887567,-0.837882014651405,0.025538988832372864,0.200597198512344,0,B04,50,2
0.07042458156312625,-0.005042888539373509,0.05100860307813007,0.06245896713426854,-0.005758395138254247,-0.8045605611390995,0.038831956969992365,0.27569888317465324,0,B04,55,2
0.0714164869739479,-0.006525789264452996,0.05211439894475744,0.0714164869739479,-0.006525789264452996,-1.1637587342704268,0.038604176058380915,0.27027495816521596,0,B04,5,2
0.07123268857715431,-0.004915613776287059,0.0510459196717833,0.06147310541082164,-0.005719555263164155,-0.8375223879934974,0.04037353781074203,0.28339192733833296,0,B04,60,2
0.07089347815631263,-0.004797614797298106,0.05105211187777546,0.06169348396793587,-0.005624069645133131,-0.9110370325353249,0.03968273255707433,0.27987576282812715,0,B04,65,2
0.06962250501002004,-0.004626277520198004,0.050750524593604275,0.060878812024048094,-0.005493205430935989,-0.9761311169723937,0.03774396083283153,0.2710614967631475,0,B04,70,2
0.06853817855711423,-0.004524793035012711,0.05069373787799197,0.06109841763527055,-0.005475917583816249,-0.9292653109295135,0.03568888135824452,0.26035767297568513,0,B04,75,2
0.06929923106212424,-0.004402667360354707,0.050854713131478164,0.06080380320641282,-0.005518538292761943,-0.902696539868001,0.03688903586129215,0.26615761312143904,0,B04,80,2
0.07019273146292586,-0.004285739776447808,0.05053969093572864,0.06204208617234469,-0.005497580406973885,-0.8734212752012043,0.03930608105439444,0.27998683222033455,0,B04,85,2
0.06867092745490981,-0.004308073806441017,0.05056420545975526,0.060632837274549094,-0.0056363862194664435,-0.8837350028118525,0.0362134439903091,0.263673765103051,0,B04,90,2
0.0686986881763527,-0.004200604328134641,0.050437913054965346,0.06052624408817635,-0.005696456412885061,-0.9151313648218126,0.03652155024277472,0.26580966254422655,0,B04,95,2
0.06126402244488978,-0.006332114378566864,0.04071394424266407,0.06126402244488978,-0.006332114378566864,-1.8792861549028594,0.041100156404451416,0.3354346871479356,0,B05,100,1
0.06227473907815631,-0.006376524233657513,0.04262463532524019,0.054939582364729456,-0.006740234524346405,-0.7999274209244575,0.03930020750583224,0.3155389174453989,0,B05,10,1
0.06235590601202405,-0.006254573163384517,0.0424976770027069,0.055299085170340684,-0.006678450435726808,-0.7852795254854625,0.0397164580186343,0.3184658884675318,0,B05,15,1
0.06196814088176353,-0.006087366709798118,0.04238592267985071,0.054343160521042086,-0.006676046838207068,-0.7739036060919268,0.039164436403825637,0.31600461016373055,0,B05,20,1
0.061971321442885766,-0.005989287127023953,0.042410994963555625,0.0541834004008016,-0.006596024902098781,-0.7724494705304553,0.03912065295866028,0.31563513612272087,0,B05,25,1
0.06373488096192385,-0.005978735432498147,0.04235308797873055,0.05441711683366734,-0.006569380603216048,-0.7708995642119886,0.0427635859663866,0.3354802372027194,0,B05,30,1
0.06282445130260521,-0.0057372440610867215,0.042392128058577644,0.05452074629258517,-0.0065204295887394716,-0.767469888187224,0.04086464648805513,0.3252288371865219,0,B05,35,1
0.06474213326653307,-0.005820511918029967,0.042374671836091546,0.05441215230460922,-0.006457826494379669,-0.757290798610631,0.04473492286088304,0.3454853941614534,0,B05,40,1
0.06168389779559118,-0.005470000126750485,0.042386325108061444,0.05416084969939879,-0.006408503653405921,-0.7751721636690814,0.03859514537505947,0.3128461945040869,0,B05,45,1
0.062374338677354715,-0.0053183154899627385,0.04242138067578099,0.05357221042084168,-0.006350957832778638,-0.801418761237069,0.039905916003147454,0.31989049382607304,0,B05,50,1
0.06149269018036072,-0.005334184545835409,0.04239222974057046,0.053758058717434866,-0.006368125422652552,-0.865423124521419,0.03820092087958052,0.3106135116835478,0,B05,55,1
0.0635940633266533,-0.006740622345992848,0.042712149654880335,0.05539598196392785,-0.00680802075178601,-0.7753404166692227,0.04176382734354592,0.3283626266262029,0,B05,5,1
0.06383637755511022,-0.005372259106163157,0.042369904206760456,0.05314709378757515,-0.006461671887831116,-0.959810761468026,0.04293294669669953,0.3362733627831195,0,B05,60,1
0.0624305745490982,-0.005127718127547981,0.04230503025758116,0.052668647695390786,-0.006325761892551018,-0.90493522260906,0.040251088583034084,0.32236679602699175,0,B05,65,1
0.06472692625250501,-0.005265144057190595,0.04218307973990634,0.053156310621242486,-0.0061297898457318015,-0.8624029500955709,0.04508769302519733,0.34829162788687484,0,B05,70,1
0.06349298837675352,-0.004829671099292709,0.0420928076783599,0.05184518937875751,-0.005954636349735459,-0.8409442192893445,0.04280036139678724,0.3370479362447019,0,B05,75,1
0.06089458597194389,-0.004520763715343962,0.042023577269711586,0.05280310380761523,-0.005943921679149904,-0.8601859081462113,0.0377420174044646,0.3098963298794213,0,B05,80,1
0.060820092184368735,-0.004377385846103971,0.04195189643230838,0.05224462925851703,-0.005922973095822695,-0.8460956411849228,0.03773639150412071,0.31022964738139014,0,B05,85,1
0.061672866533066126,-0.004197700426854253,0.04192074457098408,0.05252534428857715,-0.006013944838842669,-0.8560819962262861,0.03950424392416409,0.32027248079172504,0,B05,90,1
0.06190052404809619,-0.004050177593946871,0.04182909240208298,0.05269020641282565,-0.0060487823501120756,-0.9254822202160495,0.04014286329202642,0.32425301650787114,0,B05,95,1
0.06302607254509018,-0.007247523364412032,0.040645229383346027,0.06302607254509018,-0.007247523364412032,-2.228143765271802,0.044761686323488314,0.35510451878042104,0,B05,100,2
0.06360526452905813,-0.006550536863004174,0.04315065866677215,0.055750675350701405,-0.006617434289273768,-0.8182256776481028,0.040909211724571945,0.3215866801865318,0,B05,10,2
0.06388689639278557,-0.006482642867002891,0.04309477770243496,0.055460778356713425,-0.006605344167961628,-0.8069204906654722,0.04158423738070122,0.32545200759977067,0,B05,15,2
0.06244131462925851,-0.006142412168001887,0.04293184075558866,0.05558402044088176,-0.006600930159833304,-0.796395910831735,0.0390189477473397,0.31244495714906323,0,B05,20,2
0.06345110621242485,-0.006086423331892684,0.042911317593066614,0.055605228456913826,-0.006585287936143863,-0.7888694305874142,0.04107957723871647,0.32371048899595356,0,B05,25,2
0.06342856372745491,-0.005913981137994542,0.04289200877843235,0.055237780961923846,-0.006537366949894088,-0.7866181937407961,0.04107310989804512,0.32377455427283086,0,B05,30,2
0.06353908456913827,-0.005791466290629781,0.04288031787521151,0.05498170781563126,-0.006501127115017182,-0.7818264134829609,0.04131753338785353,0.32513478647064087,0,B05,35,2
0.06330935370741483,-0.005646328197586631,0.042883610581895076,0.05476306072144289,-0.0064908414686778325,-0.7798757129841397,0.040851486251039515,0.32263389103476947,0,B05,40,2
0.06416485851703407,-0.00555513709736196,0.04294826235646036,0.05508352585170341,-0.006440019000574568,-0.7733871929452741,0.04243319232114742,0.3306575694379699,0,B05,45,2
0.0641312881763527,-0.005418970602178219,0.042906374997248545,0.05487667414829659,-0.0063910835635268715,-0.793337042298686,0.04244982635820832,0.33096034373640537,0,B05,50,2
0.06400610981963928,-0.005312048490849677,0.04303522699136183,0.05429748557114229,-0.00638867825844238,-0.8397195496200471,0.0419417656565549,0.32763876585173846,0,B05,55,2
0.06347827394789579,-0.0066710995654115,0.043293466997969036,0.06347827394789579,-0.0066710995654115,-0.8389856923890059,0.04036961389985351,0.3179797699996512,0,B05,5,2
0.06195794268537075,-0.005280406929510234,0.04298006045238846,0.05442677875751503,-0.006298968404401502,-0.9613661914085356,0.037955764465964575,0.30630265322646466,0,B05,60,2
0.0663323511022044,-0.005581856555224231,0.042917921052457494,0.05437255571142284,-0.006315240030694137,-0.8942364140678031,0.0468288600994938,0.3529865843842942,0,B05,65,2
0.06411568096192385,-0.005082868543964652,0.04290766657237929,0.05441315911823647,-0.006396208110941505,-0.8888506024357097,0.042416028779089135,0.33077733982329993,0,B05,70,2
0.06304110380761523,-0.004996396897465175,0.042827504289927265,0.05443731182364729,-0.006362256890560801,-0.8785804101044097,0.04042719903537592,0.3206415861526556,0,B05,75,2
0.06495075951903809,-0.004809621855194534,0.04269427404764821,0.05451560440881764,-0.006322808794938788,-0.8501220645818901,0.044512970942779756,0.34266705479966175,0,B05,80,2
0.06610516372745491,-0.0048485979189866095,0.04267103362609773,0.053604054909819635,-0.006400914064967588,-0.8247255123305148,0.046868260202714354,0.35449772423185866,0,B05,85,2
0.06611469779559118,-0.004598594087531706,0.042667132257466135,0.054657854108216435,-0.006467630533142725,-0.8287984777903948,0.04689513107625008,0.35464981796662814,0,B05,90,2
0.0633328509018036,-0.004597414939645572,0.0426298747873893,0.053798015230460926,-0.0065513529707253255,-0.9200165473057839,0.041405952228828605,0.3268915865877233,0,B05,95,2
0.06524280641282565,-0.008755906882737526,0.04062207037355442,0.06524280641282565,-0.008755906882737526,-3.2537623636376365,0.04924147207854246,0.37737089179583794,0,B06,100,1
0.06983725410821642,-0.00766976973185339,0.04499634844262489,0.06024645651302605,-0.00796127882812036,-0.7940766702773671,0.04968181133118307,0.3556970557161264,0,B06,10,1
0.06883061883767536,-0.007350510591122983,0.044842882509253966,0.05938647014028056,-0.007929197593277175,-0.8062074198185908,0.04797547265684278,0.34850385967024583,0,B06,15,1
0.06891209779559118,-0.007175711812016535,0.04475400982559208,0.05942713366733467,-0.007897184969253151,-0.7969735141867396,0.04831617593999821,0.35056381597404623,0,B06,20,1
0.06857013106212426,-0.007003823469260687,0.04474351823728972,0.058962189178356716,-0.007905150508179179,-0.7897046015613135,0.047653225649669076,0.3474780120114941,0,B06,25,1
0.06798445210420842,-0.006834532483553734,0.04470840337078085,0.059120264929859716,-0.007815645967750121,-0.7913848916317876,0.04655209746685514,0.3423731163965168,0,B06,30,1
0.06854533947895791,-0.006606087875197183,0.04475837821618605,0.058946993987975954,-0.00776340520429524,-0.7905119486357681,0.047573922525543724,0.3470252163544102,0,B06,35,1
0.07276530621242486,-0.006802676593880744,0.04480128624681359,0.05896881102204409,-0.007686790567720791,-0.7708433023385144,0.05592803993122253,0.38430429858943327,0,B06,40,1
0.06737672084168336,-0.006326602364911307,0.04471569553459513,0.05866069799599198,-0.007628166713364871,-0.7924259990441804,0.04532205061417646,0.336333158159112,0,B06,45,1
0.06915795190380762,-0.005973281030708034,0.044842098066565875,0.05823916833667335,-0.007567816061141918,-0.791905399173862,0.04863170767448349,0.35159881355455513,0,B06,50,1
0.07232470180360723,-0.006136454616926601,0.044750993298977824,0.05883419038076153,-0.007625758713699078,-0.801673046385339,0.055147417009258806,0.38124883776920254,0,B06,55,1
0.07022880661322645,-0.0079569943884038,0.04515050969905102,0.06035620280561122,-0.00798577430559632,-0.8450265344824739,0.05015659382835086,0.35709416297346486,0,B06,5,1
0.06972457715430862,-0.00587680917149214,0.04483381154059897,0.05848492985971944,-0.007720230803020054,-0.9075498845398848,0.049781531227419296,0.35698697115973155,0,B06,60,1
0.06933093787575151,-0.005766348281625365,0.04466242081356952,0.05787634468937876,-0.0075674889821555,-0.9832678063360041,0.04933703412436398,0.3558082122931991,0,B06,65,1
0.06741702224448898,-0.0055013117195875615,0.044763055076314506,0.057453365130260524,-0.007243917028833807,-0.9365522370862694,0.04530793433634894,0.3360274069361811,0,B06,70,1
0.0702840521042084,-0.005306836272228371,0.04464371833833924,0.057376311623246495,-0.007190087471271764,-0.8711121456362141,0.051280667531738336,0.36481012403571844,0,B06,75,1
0.06948390340681362,-0.005024885955631681,0.04453879668633002,0.05742919879759519,-0.007325753223511889,-0.8773783347213946,0.04989021344096721,0.35900554657148803,0,B06,80,1
0.0673636256513026,-0.0050356186050151755,0.04444954033024137,0.05674982044088177,-0.007234320262188882,-0.8743463937504184,0.04582817064212247,0.3401551668206289,0,B06,85,1
0.07091801743486974,-0.004779380685991137,0.04448137212810404,0.05705204809619239,-0.007511075151142667,-0.8789237187712167,0.052873290613531396,0.37277755728358875,0,B06,90,1
0.06722556312625251,-0.005354858288181826,0.044514880675408236,0.057931461322645296,-0.007587965336433224,-0.9482735941505887,0.04542136490168855,0.3378280730529937,0,B06,95,1
0.06791474348697395,-0.0054224264694380485,0.0441995652421349,0.05793238096192385,-0.007532741508091623,-2.02895951352737,0.0474303564896781,0.3491904265144964,0,B06,100,2
0.06868010180360722,-0.007378609581355033,0.04506240375953646,0.060515927454909815,-0.00765294200703317,-0.801702516773078,0.04723539608814151,0.3438797762939586,0,B06,10,2
0.06790825911823647,-0.007096315438160821,0.04506632580497911,0.0594100503006012,-0.007596640780020857,-0.8195980598708121,0.04568386662651473,0.3363645837759852,0,B06,15,2
0.06926493146292585,-0.007060590486003084,0.044805539494706795,0.05877204789579159,-0.007572694592499004,-0.8060635493076268,0.048918783936438115,0.3531280758042904,0,B06,20,2
0.06824795110220441,-0.006778412622065348,0.04472958941936519,0.05894027374749499,-0.007563151987004562,-0.7974681449560306,0.04703672336567845,0.34460172507771564,0,B06,25,2
0.06825439999999999,-0.0065181039771014335,0.04489120546686371,0.057885599999999995,-0.00747111030215998,-0.7958171622135418,0.046726389066272564,0.3422958011957659,0,B06,30,2
0.06798622785571143,-0.006351416598663156,0.04470599227930159,0.05869174448897796,-0.007395198657191522,-0.7947922019415139,0.04656047115281968,0.3424257575492784,0,B06,35,2
0.06666722184368737,-0.006183784102712685,0.044919395065551544,0.05819700440881763,-0.007328397687132908,-0.8009582084997656,0.04349565355627165,0.32621468506858287,0,B06,40,2
0.0676840244488978,-0.005994857356287487,0.04484211244155693,0.05860231142284569,-0.007303943447382357,-0.8190300076545022,0.04568382401468174,0.33747863241475495,0,B06,45,2
0.06731574609218437,-0.005864370369828765,0.04471747475401746,0.05846590420841683,-0.007207658596379802,-0.8262213999004778,0.045196542676333815,0.3357055763330633,0,B06,50,2
0.06805578156312625,-0.005554977787583492,0.044974965723761466,0.05755830661322645,-0.007082575835386729,-0.8064216694276836,0.04616163167872957,0.3391455554434534,0,B06,55,2
0.06813107094188377,-0.007444526175180294,0.045188694982027225,0.059473249298597194,-0.007655518296156611,-0.87260339106455,0.045884751919713085,0.3367388130362215,0,B06,5,2
0.06660064348697395,-0.00541269468107722,0.0448301554912039,0.05730919138276553,-0.006931528024265499,-0.8735252141522032,0.043540975991540096,0.3268810458269524,0,B06,60,2
0.06740162124248497,-0.005290066557436081,0.04467039898349752,0.0571060621242485,-0.00687408606655514,-0.9649981476421027,0.045462444517974904,0.33725037825439397,0,B06,65,2
0.06923745090180361,-0.00524612259042558,0.044759747551480336,0.05670354108216433,-0.006780965511496429,-0.9109179665182303,0.04895540670064655,0.35353270566010453,0,B06,70,2
0.06832128977955912,-0.004993870987265999,0.04487803780521346,0.05670290661322645,-0.0068342289221123,-0.8837674602910932,0.046886503948691316,0.3431324562224466,0,B06,75,2
0.06747729458917837,-0.004886129537828537,0.044713247127088934,0.05663979038076152,-0.006902815253702253,-0.8791015908496645,0.045528094924178864,0.33735862708609843,0,B06,80,2
0.06958873186372745,-0.004828553120073216,0.044652058869568266,0.056964785170340676,-0.0068891100908712345,-0.8334404128585547,0.04987334598831837,0.3583435468114518,0,B06,85,2
0.06951950380761523,-0.004624421787560694,0.044689740369242954,0.05772266513026052,-0.007159315369865594,-0.8319699716979856,0.04965952687674456,0.35716255264256364,0,B06,90,2
0.07189537074148297,-0.004781081972237386,0.04482066401197328,0.05767680761523046,-0.007443730934350567,-0.8429594368542898,0.054149413459019385,0.3765848405854013,0,B06,95,2
0.06830857354709419,-0.005042445296692522,0.044043923087003146,0.05677682124248497,-0.007264766773162829,-2.1041828146798323,0.04852930092018208,0.3552211559997251,0,B07,100,1
0.06867016633266533,-0.0071553127680062095,0.04500848931291957,0.059039224448897795,-0.007942358499392737,-0.7765811310859144,0.04732335403949152,0.34456996805744255,0,B07,10,1
0.06967857975951905,-0.006994118821975185,0.044917339905388036,0.05969833146292586,-0.007896339063949629,-0.7889091417293537,0.04952247970826203,0.3553637278427491,0,B07,15,1
0.06868964408817635,-0.006784873760504772,0.04492362963738976,0.05933118557114229,-0.007885344612475307,-0.7852910669025783,0.04753202890157318,0.3459912300648748,0,B07,20,1
0.07057583006012023,-0.006715706281503527,0.04468093454476403,0.05868884208416833,-0.007887392495608162,-0.7746059655778593,0.051789791030712407,0.3669088339917158,0,B07,25,1
0.06955593306613227,-0.006472744505728755,0.04461375088688143,0.05910605330661323,-0.007827492877144512,-0.7813180558301976,0.04988436435850167,0.35859172725835414,0,B07,30,1
0.07037583186372745,-0.00629787874964998,0.044751883941344536,0.0585911501002004,-0.0077615489307461556,-0.7798417123336817,0.05124789584476583,0.3641015280927685,0,B07,35,1
0.0685496012024048,-0.006186552572150235,0.044825108580590196,0.05906762925851704,-0.007720388947218977,-0.7906161403723324,0.04744898524362921,0.34609235073102546,0,B07,40,1
0.06828151783567135,-0.006070098889748918,0.0447472403336952,0.05901534388777555,-0.007682784757354089,-0.7899477062309553,0.04706855500395231,0.34466541236846193,0,B07,45,1
0.07025533687374749,-0.005768446453691647,0.044769238483727235,0.05857146793587174,-0.007648588876866421,-0.789800995082759,0.050972196780040516,0.3627638770819661,0,B07,50,1
0.0700603238476954,-0.00562351323549695,0.0448564296891642,0.05822106773547094,-0.007610787014622819,-0.8090219260344712,0.050407788317062385,0.3597456131279397,0,B07,55,1
0.06941187334669338,-0.0073208512462877955,0.045223403372564856,0.05978745571142284,-0.007975534927383465,-0.8267895290741429,0.04837693994825705,0.3484774118300152,0,B07,5,1
0.06816741482965932,-0.0057675552214599655,0.04495890663089577,0.057843831663326656,-0.007592562607906162,-0.9040753105794493,0.0464170163975271,0.3404633761857966,0,B07,60,1
0.07090647294589178,-0.005538225754613985,0.04489065128805853,0.05771685971943888,-0.007609683259980024,-0.9717138684155163,0.052031643315666495,0.36690333867947056,0,B07,65,1
0.07160565811623247,-0.005495247570788956,0.04492646251951646,0.059016814028056114,-0.007624090048095419,-0.922612552504502,0.053358391193432025,0.37258502049390474,0,B07,70,1
0.0690208116232465,-0.005397089600940129,0.0448088457948871,0.05769678256513026,-0.0075686421059828705,-0.9148263098813264,0.048423931656718794,0.35079225032185374,0,B07,75,1
0.06755802945891784,-0.005286284206407767,0.044778200900769165,0.05804711863727455,-0.007373625680346766,-0.8977654490203845,0.04555965711629735,0.3371890616199978,0,B07,80,1
0.06971760320641282,-0.004973446817533619,0.04487955041697985,0.05830316633266533,-0.007535893956269838,-0.8761219594812323,0.04967610557886594,0.35626659046058967,0,B07,85,1
0.07002140561122244,-0.004602060370848771,0.04479203832384094,0.057371621643286574,-0.00737494642503499,-0.871104831844049,0.050458734574763006,0.3603093520781587,0,B07,90,1
0.06981771142284568,-0.004336856288098381,0.04460886333433402,0.05698069338677354,-0.007289832826819925,-0.8888291912318848,0.050417696177023325,0.36106666309693514,0,B07,95,1
0.07181284248496994,-0.005073042513444379,0.04489927566274017,0.05824691703406813,-0.007709667395865645,-1.9268244439093845,0.05382713364445954,0.37477372975262246,0,B07,100,2
0.07027413106212424,-0.0071340419479726126,0.04561803107874797,0.06042061122244489,-0.007739739248533771,-0.8015968488279619,0.04931219996675254,0.3508559922509694,0,B07,10,2
0.07024962865731463,-0.006967609277850469,0.045644094023606904,0.0598562374749499,-0.007699782064469123,-0.8274357573134616,0.04921106926741545,0.3502585722372457,0,B07,15,2
0.0701697875751503,-0.006768898284994702,0.04564818570861401,0.05952199919839679,-0.007698046739415718,-0.8158229292714466,0.04904320373307258,0.34946096766039364,0,B07,20,2
0.06989664949899799,-0.006638282986971288,0.045316948865324454,0.05892222144288577,-0.007703769400206174,-0.7982970061562878,0.049159401267347066,0.3516577805925576,0,B07,25,2
0.07104359238476954,-0.006530114822918407,0.04535252261752098,0.05896927194388778,-0.007716194057622833,-0.7988990214146864,0.05138213953449712,0.3616240241358665,0,B07,30,2
0.07129383967935872,-0.006356158795461618,0.04529403626370419,0.059907615631262526,-0.0077325753479248315,-0.7925635685178184,0.05199960683130905,0.3646851331417642,0,B07,35,2
0.07029683206412826,-0.006184748018720489,0.04542129268275963,0.059213142084168335,-0.007677493707859679,-0.8007152650611178,0.049751078762737266,0.3538643015758652,0,B07,40,2
0.0711928517034068,-0.006021369602963711,0.04531079586712119,0.0597729879759519,-0.007653030874566968,-0.7928136897409864,0.051764111672571236,0.36354851950743083,0,B07,45,2
0.06908748296593187,-0.005969868414723624,0.04544775923914624,0.05958308617234469,-0.007645602490631923,-0.8086958713403443,0.04727944745357125,0.34217086383712586,0,B07,50,2
0.07131064729458918,-0.00573628825280348,0.04555952129858227,0.05905284288577154,-0.007607139343580699,-0.8045752400265788,0.05150225199201382,0.3611119373188023,0,B07,55,2
0.06926357334669339,-0.007208099598886563,0.04592308245972591,0.06107386613226452,-0.007752893686732461,-0.946071549690001,0.04668098177393497,0.3369807498977635,0,B07,5,2
0.07463170340681363,-0.006108057766479045,0.04565638232171235,0.059838131062124246,-0.007588617190245147,-0.8374722334506126,0.05795064217020257,0.3882441343614828,0,B07,60,2
0.06857114729458919,-0.0057060689101781775,0.045511457949751206,0.059386905811623245,-0.007418898764838746,-0.9597290889716033,0.04611937868967596,0.33628851571887836,0,B07,65,2
0.06934771983967936,-0.005438678528680176,0.0455061765200595,0.058742191983967934,-0.007321494871481949,-0.9799119116420969,0.047683086639239716,0.34379707616541144,0,B07,70,2
0.06929497995991984,-0.005325803057844456,0.04528424056049033,0.0583424128256513,-0.007361444481342424,-0.9614475424847537,0.04802147879885903,0.34650041623963673,0,B07,75,2
0.06941186813627255,-0.005195929367494733,0.045220830427414156,0.058208955310621244,-0.007353149928108324,-0.9208785986829654,0.04838207541771679,0.3485144307219256,0,B07,80,2
0.06860730300601203,-0.005319907818467922,0.045371054628717516,0.05867689358717435,-0.0074524771672024315,-0.9144360888229927,0.04647249675458903,0.33868476618674737,0,B07,85,2
0.06979262264529058,-0.005067531321129651,0.04546407601418342,0.05868476132264529,-0.007542817626998214,-0.9074428764869529,0.04865709326221433,0.34858335607694474,0,B07,90,2
0.0729826623246493,-0.004835066856991329,0.045217039024579686,0.058211342685370746,-0.007447264424020307,-0.8531669800146766,0.05553124660013922,0.380441359847351,0,B07,95,2
0.07279936513026053,-0.0058897394495059565,0.04722244843002783,0.06119621002004008,-0.007683418123966511,-2.1529941290426313,0.05115383340046539,0.3513343372496134,0,B08,100,1
0.07525443406813627,-0.007724198852717402,0.049195068137280855,0.06433876873747495,-0.008044912395933313,-0.7849026038828947,0.05211873186171083,0.34628346161318485,0,B08,10,1
0.07355714108216432,-0.007265876060515618,0.049004473950261876,0.06371985731462926,-0.008001553711028639,-0.7771622844817898,0.049105334263804895,0.3337903943884495,0,B08,15,1
0.07391701523046092,-0.007151607034837195,0.04892197086141424,0.0637704260521042,-0.008032652464473796,-0.7693211056697838,0.04999008873809335,0.33815007669230557,0,B08,20,1
0.07374551042084168,-0.0069911713532041795,0.04882369988639796,0.06370422665330662,-0.008012828797838352,-0.7689544661221938,0.04984362106888744,0.3379434272299838,0,B08,25,1
0.07478023527054108,-0.006867143278225717,0.04860060800740964,0.06338781523046091,-0.007943844989392879,-0.7730754170314559,0.052359254526262874,0.3500875220359816,0,B08,30,1
0.07448512104208416,-0.006648260733189679,0.04858381084512112,0.06322943166332665,-0.00790394346360118,-0.7772668668799303,0.05180262039392608,0.34773804263980157,0,B08,35,1
0.07330447294589179,-0.006466278461107693,0.04858022927154103,0.06193163647294589,-0.007821474115066267,-0.8082539065862843,0.049448487348701525,0.3372815147665063,0,B08,40,1
0.07330055230460922,-0.006310965864915179,0.04867015976114865,0.06320132905811623,-0.007781681729625678,-0.7787781594658914,0.04926078508692114,0.3360191945226555,0,B08,45,1
0.07308655711422846,-0.006140376107810028,0.04875470546684899,0.06289541523046092,-0.007710945520520112,-0.7874598373674603,0.04866370329475893,0.33291829042310367,0,B08,50,1
0.07393713226452905,-0.005910425917636087,0.04878259819417801,0.06265787775551103,-0.00765410990302444,-0.7951741935341747,0.05030906814070209,0.34021517064462614,0,B08,55,1
0.07307798316633267,-0.007494144098769756,0.04935951797527425,0.06392360881763527,-0.008002298520633676,-0.7932245495222491,0.04743693038211684,0.3245637627556423,0,B08,5,1
0.0740829378757515,-0.0059592887260143685,0.04883751567941161,0.06297391983967936,-0.0078112069275177755,-0.8770628247795659,0.050490844392679785,0.3407724223718065,0,B08,60,1
0.07388869038076153,-0.0057510203733934315,0.04876916757418867,0.06246260801603207,-0.007624449189865809,-0.941705220578497,0.05023904561314571,0.3399643798953196,0,B08,65,1
0.07662640400801603,-0.005917087417492875,0.04865483913935079,0.06196296513026052,-0.00762557983994859,-0.9306864276792839,0.05594312973733047,0.3650382036163289,0,B08,70,1
0.07529350861723447,-0.005542740514950565,0.0485859548527396,0.06301002404809619,-0.007673475933829504,-0.9058086024202803,0.05341510752898973,0.35471256759021036,0,B08,75,1
0.07247427054108216,-0.005412874716648718,0.048581979667769,0.061883435871743483,-0.007507598999393011,-0.8943230217843853,0.04778458174662632,0.3296658344394067,0,B08,80,1
0.07276098236472946,-0.005477861915366691,0.048408696020906986,0.06195352424849699,-0.007664578964227658,-0.8964713399442029,0.04870457268764494,0.3346888064505727,0,B08,85,1
0.07285658236472947,-0.005286773446773227,0.04852029399660375,0.06156814088176353,-0.007724121367704962,-0.8916634806426317,0.048672576736251444,0.3340300571099412,0,B08,90,1
0.07647259559118236,-0.004958733276146505,0.04845687607206016,0.0613121370741483,-0.007603520212339941,-0.8612843475516162,0.056031439038244396,0.3663497924000443,0,B08,95,1
0.07172399018036073,-0.004810692430937976,0.04793255707634077,0.06036453326653307,-0.007068322507166496,-2.087507649476914,0.04758286620803992,0.3317081640911616,0,B08,100,2
0.07343193286573146,-0.007242248201646163,0.04919982131262965,0.06403864228456914,-0.007634866443276889,-0.7880415236068357,0.04846422310620363,0.32999419472465275,0,B08,10,2
0.07196567494989979,-0.006902384410621673,0.049085279516919926,0.06362528176352705,-0.007586977573891307,-0.8011898066067492,0.04576079086595973,0.3179348411434822,0,B08,15,2
0.07182551883767535,-0.0067753191495908485,0.048914404367072485,0.0629617378757515,-0.007561318203386734,-0.7925153548873805,0.04582222894120573,0.318982930320095,0,B08,20,2
0.07403017134268537,-0.006776935099444396,0.048926474221024266,0.06356168436873748,-0.007558436147102616,-0.7784527835664378,0.05020739424332221,0.33910089178986486,0,B08,25,2
0.07382013827655311,-0.006532402594262722,0.04858347886907798,0.06248973346693387,-0.007522031663292272,-0.7810327349398608,0.05047331881495025,0.3418668671810229,0,B08,30,2
0.07381147114228456,-0.006345328329414139,0.04873317096421895,0.06219316513026052,-0.007472967710720995,-0.7797934436481535,0.05015660035613123,0.3397615545383561,0,B08,35,2
0.07837986973947896,-0.007119078507507917,0.04874187072789274,0.0621140380761523,-0.007438649645559814,-0.7567120066496328,0.05927599802317243,0.37813279238786396,0,B08,40,2
0.07671081002004007,-0.006368182653844369,0.048796722159074934,0.06249037234468938,-0.007420053518388793,-0.758089219779252,0.05582817572193027,0.36388727812511446,0,B08,45,2
0.07271808577154308,-0.005862050843179704,0.04884624400474512,0.06248656032064128,-0.007396956944343948,-0.7884082401835643,0.047743683533595926,0.32827929274425127,0,B08,50,2
0.07647362284569138,-0.005912976915647348,0.048881943955228394,0.06249999318637275,-0.0073538840834954985,-0.779615591159926,0.05518335778092598,0.36079994465722554,0,B08,55,2
0.07247641082164329,-0.007207910980427678,0.0488874590897509,0.0635162633266533,-0.007647831479636683,-0.8321890361253385,0.04717790346378477,0.32547074923373726,0,B08,5,2
0.07685109058116232,-0.005964598013790207,0.04908114186674218,0.06270693026052104,-0.00727424786647894,-0.8380314853712432,0.05553989742884029,0.3613474903793635,0,B08,60,2
0.07592670701402805,-0.005711160979761615,0.04892628771412425,0.061609079759519035,-0.007258547662967777,-0.9352122415956411,0.0540008385998076,0.3556116202289039,0,B08,65,2
0.07667445891783567,-0.005881490472755815,0.04890146354922368,0.06251275951903808,-0.00720252072687776,-0.9075205720488018,0.05554599073722398,0.36221964602806683,0,B08,70,2
0.07271683547094189,-0.005103924273359393,0.04870300142070282,0.06139860260521043,-0.0071151268487202116,-0.9036404241973246,0.048027668100478135,0.33023761134153246,0,B08,75,2
0.0734222877755511,-0.004845987464894144,0.04856997026903965,0.061125741883767536,-0.007034307165266561,-0.8661665283253475,0.0497046350130229,0.33848465172433684,0,B08,80,2
0.07180200601202405,-0.0049471845852751516,0.04858196987032539,0.06118367735470942,-0.007105325888684658,-0.8831512421986075,0.04644007228339732,0.3233897969063734,0,B08,85,2
0.07231369298597194,-0.004555928912735832,0.04877114386640973,0.06127019078156312,-0.007019647099717071,-0.8535806399215201,0.04708509823912442,0.3255614275449769,0,B08,90,2
0.07342918336673346,-0.004329560743689495,0.04873043407626973,0.0612020631262525,-0.007206744044598276,-0.8796543405448389,0.04939749858092746,0.3363614867825605,0,B08,95,2
0.06345179458917835,-0.004961942372111631,0.04242193072805545,0.054256821643286574,-0.006484558620159531,-2.196760187575326,0.042059727722245796,0.33143056074744215,0,B09,100,1
0.06378857114228456,-0.006561765799519425,0.04341926836658146,0.05626629058116232,-0.00693671715796269,-0.8421628859916451,0.04073860555140621,0.31932527114093917,0,B09,10,1
0.0648323619238477,-0.006584608793517983,0.04336269601799132,0.05580320881763527,-0.006892918448279732,-0.7990958984787961,0.04293933181171275,0.3311566209954639,0,B09,15,1
0.06397902805611222,-0.006341172165746643,0.043249250297116536,0.055300461923847695,-0.006903637069408469,-0.7902660373043346,0.04145955551799137,0.32400895088332415,0,B09,20,1
0.06499283727454909,-0.006290151051804279,0.04320562184649977,0.05576193947895791,-0.0069161981873956235,-0.7832895571653476,0.043574430856098634,0.3352248700270406,0,B09,25,1
0.06378778476953909,-0.006017571239723891,0.04317142565873192,0.05562661563126253,-0.006887110577882596,-0.7836714649815384,0.041232718221614326,0.32320230566546027,0,B09,30,1
0.06384028396793587,-0.006000872446672417,0.04324535667423964,0.05622671022044088,-0.0069116953475676585,-0.7802440860639623,0.04118985458739245,0.32260080960855597,0,B09,35,1
0.06536279158316634,-0.0059644223337753524,0.0432372148788802,0.05575609819639279,-0.007037973685424157,-0.7826823605198083,0.044251153408572275,0.3385041576159425,0,B09,40,1
0.06520668136272545,-0.005811725404397167,0.043323870011140124,0.05622433266533066,-0.006956040785798416,-0.7790195093227545,0.04376562270317065,0.33559155126846174,0,B09,45,1
0.0658697358717435,-0.005585714342537649,0.04333441296255374,0.05587673186372746,-0.006876954560228054,-0.7944251257894178,0.04507064581837951,0.34211952744229623,0,B09,50,1
0.06927398096192385,-0.0061897678012681236,0.04329157574137579,0.0557728627254509,-0.0067651445709948025,-0.8061225076404573,0.051964810441096104,0.3750673031889011,0,B09,55,1
0.06477414549098195,-0.006865380606310388,0.043595087805628506,0.057139606012024044,-0.00695864143203271,-0.812978134905437,0.0423581153707069,0.3269677666114802,0,B09,5,1
0.06319331663326654,-0.005410840354796494,0.04322642813819577,0.055010386773547096,-0.006594978883013339,-0.9606607976354304,0.03993377699014153,0.3159651931381569,0,B09,60,1
0.06681677955911824,-0.005479146085531008,0.04315493668857521,0.054553116232464935,-0.006391244071855203,-0.9352299236641823,0.04732368574108607,0.35413025031545375,0,B09,65,1
0.06618203687374749,-0.005155112032208238,0.043084270438321096,0.05465005450901803,-0.006318186376807136,-0.8906767165855715,0.04619553287085279,0.3490035593719935,0,B09,70,1
0.0646906240480962,-0.004709675073900575,0.043074807051100304,0.05365597915831664,-0.006283325106798616,-0.8738089718250952,0.04323163399399178,0.334141420260917,0,B09,75,1
0.06299071462925852,-0.004633140371382301,0.04300584765192823,0.05434883166332666,-0.006274178198803145,-0.8784897230976069,0.03996973395466058,0.3172668717120337,0,B09,80,1
0.06482292264529059,-0.004413327349291111,0.04298634247584737,0.05471150180360722,-0.006272572442721554,-0.8420669367655579,0.043673160338886435,0.3368650976897854,0,B09,85,1
0.06499496593186373,-0.004234592409907621,0.04302589047445621,0.05422595911823647,-0.006362992400082274,-0.8444945157739165,0.04393815091481504,0.3380119543479474,0,B09,90,1
0.06508528056112224,-0.004066288839053673,0.043052409193892326,0.05416603006012024,-0.006444631274749334,-0.8857425997555337,0.04406574273445983,0.33852310656537193,0,B09,95,1
0.06568549198396793,-0.004677797448645554,0.043239571109523936,0.05530649599198397,-0.006704002568525673,-1.9519679069481295,0.044891841748887995,0.34171809019748906,0,B09,100,2
0.06499929058116233,-0.006613178267652141,0.04390893141956962,0.05702092585170341,-0.0067529836714638755,-0.8121542651451572,0.042180718323185415,0.32447060534080624,0,B09,10,2
0.06399770921843688,-0.006320395850277559,0.04381260150784394,0.05652369418837676,-0.0067362871322420356,-0.8238189902897403,0.04037021542118588,0.31540359736466755,0,B09,15,2
0.0652786619238477,-0.006339750172101738,0.04375812528544263,0.05603421002004008,-0.006740614604480374,-0.8065363942750032,0.04304107327681013,0.32967184075418604,0,B09,20,2
0.0652673743486974,-0.006181679570306641,0.04374000384291474,0.05650058156312625,-0.006763477731829723,-0.798306326677667,0.04305474101156531,0.32983356111080175,0,B09,25,2
0.06424559719438877,-0.00595574625891648,0.04366505944976894,0.056326303406813626,-0.0067360682789127345,-0.7988814868861517,0.041161075489239654,0.3203416053920242,0,B09,30,2
0.06529269378757514,-0.005852187055674751,0.043675147802869324,0.056075155511022046,-0.006682187391773219,-0.7927394976352476,0.04323509196941164,0.33108675306056257,0,B09,35,2
0.0640827130260521,-0.005702300050963576,0.043685829406445595,0.05601045891783567,-0.006642968484011641,-0.7957038096771433,0.04079376723921302,0.3182899514774661,0,B09,40,2
0.06461554829659319,-0.005576165618094807,0.04368387252883687,0.05618037635270541,-0.00661967645789883,-0.7879700406351364,0.04186335153551264,0.3239417805707907,0,B09,45,2
0.06491003306613227,-0.005412730351042118,0.04387586619886294,0.05596566533066133,-0.006591376610322119,-0.7998494096313642,0.042068333734538665,0.32405108846330577,0,B09,50,2
0.0649565501002004,-0.005291733550366631,0.04387677773840005,0.056330387775551105,-0.006553758882845334,-0.8303576392275859,0.042159544723600714,0.3245211195681299,0,B09,55,2
0.06424684769539078,-0.006594454927838975,0.04404417474799108,0.057025245490981966,-0.006748590139460105,-0.8790688704075794,0.04040534589479941,0.3144539175398187,0,B09,5,2
0.06901208597194389,-0.005890569444419427,0.043821443331311376,0.05575355851703407,-0.006506485880600907,-0.9402745008278101,0.05038128528126502,0.36501784123542497,0,B09,60,2
0.06418862925851702,-0.005151366491794029,0.043580137763471784,0.054794101002004006,-0.006425515417115325,-0.980114019617786,0.04121698299009048,0.32106140500438796,0,B09,65,2
0.06746406533066132,-0.005260813962064882,0.04362543515630214,0.05547030140280561,-0.006335049220954939,-0.8898616016295487,0.04767726034871836,0.35335300441085205,0,B09,70,2
0.06414145691382765,-0.004854408754603267,0.043666611566216144,0.05489977354709419,-0.00635358387141033,-0.8966657304007061,0.040949690695223015,0.3192139114507318,0,B09,75,2
0.06721529899799598,-0.004872553374232888,0.04362490520321222,0.054975582765531064,-0.006387808416586472,-0.8538860604064376,0.04718078758956752,0.3509676241340101,0,B09,80,2
0.06620173146292585,-0.004533050728350715,0.043591202440567856,0.055211871743486976,-0.006438254826653306,-0.8483380837015502,0.04522105804471599,0.3415398437882292,0,B09,85,2
0.06562271543086173,-0.004470661882891723,0.04349074580453946,0.0560425238476954,-0.006584967624698486,-0.8664230099440388,0.044263939252644546,0.33726080185815993,0,B09,90,2
0.06486951903807615,-0.004402743559338184,0.04356124706559859,0.056143066132264524,-0.006548200554644987,-0.8782268439982872,0.04261654394495512,0.32847895727375975,0,B09,95,2
0.06710441402805611,-0.007474970336976586,0.04265696313572733,0.06710441402805611,-0.007474970336976586,-1.9579991885239618,0.048894901784657566,0.3643195644642302,0,B10,100,1
0.06753063927855711,-0.007204443913725855,0.045332445396888306,0.05934205611222445,-0.00773113687846492,-0.7993276829643741,0.04439638776333761,0.3287129237752879,0,B10,10,1
0.06759012825651303,-0.0070649824431848795,0.04525449045348311,0.05924519839679359,-0.007690467131628215,-0.7923421910993381,0.04467127560605985,0.33045710045501575,0,B10,15,1
0.06955090380761522,-0.007120143090497914,0.0451492969661291,0.05909380881763527,-0.007697132295045641,-0.7790647654689343,0.048803213682972246,0.35084528748876387,0,B10,20,1
0.06745196072144288,-0.006792392959490504,0.044929181170131054,0.058628777154308614,-0.007664253254068429,-0.7812201581057974,0.04504555910262366,0.3339084484782348,0,B10,25,1
0.06819336673346693,-0.006662428332059501,0.04509152030059676,0.05799979559118237,-0.00762278817014761,-0.7857059020912386,0.046203692865740345,0.3387697006244537,0,B10,30,1
0.06938983166332666,-0.006499953552540995,0.04507569252202915,0.05828280761523046,-0.007566652558147833,-0.7869413965868612,0.048628278282595014,0.350399165965232,0,B10,35,1
0.06833697895791582,-0.006298795064656054,0.04508941553559297,0.058731456913827654,-0.007515328360131699,-0.792522780464595,0.04649512684464571,0.3401900958577563,0,B10,40,1
0.06894326092184369,-0.0061343657686354185,0.04505351242063475,0.05843916472945892,-0.007489520185965273,-0.7862888389024623,0.047779497002417876,0.34651317883398536,0,B10,45,1
0.06829377995991984,-0.005998008835603797,0.04513494445352517,0.058781983567134266,-0.007441154427018845,-0.8023808202299924,0.04631767101278933,0.33910607261724407,0,B10,50,1
0.06953005410821644,-0.005882187831357737,0.04521791118712488,0.05878103847695391,-0.007515224769995626,-0.8363756198859438,0.04862428584218313,0.34966379981888396,0,B10,55,1
0.06855676332665331,-0.007475937549699812,0.045459683874765094,0.05966453987975952,-0.007766093607998712,-0.8259831458373109,0.04619415890377643,0.33690446180834493,0,B10,5,1
0.06831365811623247,-0.005827451859297833,0.04517552361580987,0.058254908216432866,-0.007391739837221167,-0.9479262709723544,0.046276269000845194,0.33870436949890975,0,B10,60,1
0.06914190741482966,-0.005701836553115828,0.04522891863174041,0.05821312104208416,-0.007419855328859685,-0.9612151180320028,0.0478259775661785,0.3458537618816162,0,B10,65,1
0.06850526953907815,-0.005369505011275148,0.04502788207648587,0.05763055871743487,-0.007196249399915983,-0.9283332194891735,0.04695477492518456,0.3427092196053595,0,B10,70,1
0.06779962805611223,-0.005548290608212932,0.044999771082871835,0.057754754509018034,-0.007344527437302326,-0.900508908392763,0.04559971394648078,0.33628292111530184,0,B10,75,1
0.07003868637274549,-0.005133171111217949,0.044969781390052095,0.057062409819639275,-0.00733983087084885,-0.8677430250254697,0.05013780996538679,0.3579293998930366,0,B10,80,1
0.07005749739478957,-0.004950363668057611,0.04502637813908095,0.05703614428857715,-0.007329342411690072,-0.8489803520576558,0.05006223851141725,0.35729393978566926,0,B10,85,1
0.07080582164328657,-0.004759337603098674,0.04500158618763168,0.05809231162324649,-0.007316753046012866,-0.8428163689921486,0.05160847091130978,0.3644366360954659,0,B10,90,1
0.06846069178356713,-0.004624285103953686,0.04498873893031959,0.05768660601202405,-0.007257616800715482,-0.9601801459594822,0.04694390570649508,0.34285298967547967,0,B10,95,1
0.06496464088176353,-0.005894447228734769,0.04387052746053426,0.055986096593186374,-0.006556474124090441,-2.025588043194869,0.04218822684245853,0.3247014550518461,0,B10,100,2
0.0696265492985972,-0.007349295022386021,0.04612407982718167,0.06012557134268537,-0.007549845558120357,-0.7892124623757105,0.04700493894283106,0.33755039863635816,0,B10,10,2
0.06803854108216434,-0.006984233317022863,0.04601146302148345,0.060042794589178355,-0.00750768797313852,-0.7920792233986795,0.04405415612136178,0.32374412664258434,0,B10,15,2
0.06929179358717436,-0.006935191365243953,0.0458738268159699,0.05987444889779559,-0.007465805594344307,-0.7790114174270836,0.046835933542408906,0.33796161939065505,0,B10,20,2
0.06791121983967935,-0.006680071111841733,0.04596172792049965,0.05986221823647295,-0.007452847419830086,-0.776793939704862,0.0438989838383594,0.32320862400935685,0,B10,25,2
0.0688222124248497,-0.006547785084168008,0.04585430337274984,0.05961979358717435,-0.007385579531525995,-0.7762239404048252,0.045935818104199735,0.3337281415819004,0,B10,30,2
0.06863921883767535,-0.0063910124653881566,0.046003156430240555,0.05930669539078156,-0.007338306786238279,-0.7783034974207877,0.045272124814869585,0.3297832170987659,0,B10,35,2
0.06917836292585171,-0.006204959521733078,0.04591074785962115,0.05896968136272546,-0.007258288973023734,-0.7782880915747249,0.04653523013246112,0.3363423776184148,0,B10,40,2
0.06903290581162325,-0.006020230220976618,0.04584047999378251,0.05945774268537074,-0.007205648944382715,-0.7765704812520947,0.04638485163568147,0.3359618944786729,0,B10,45,2
0.06742308436873748,-0.005959695161095587,0.046027750324707475,0.05901403547094189,-0.007136036769221353,-0.8038194394939169,0.04279066808806001,0.3173295058265018,0,B10,50,2
0.0731666132264529,-0.006299542415997565,0.046052020339428866,0.05935074549098197,-0.007077710168892075,-0.8032811027537782,0.054229185774048075,0.37058696161189725,0,B10,55,2
0.06946502244488978,-0.007479352836185402,0.046275488734594014,0.06043085490981964,-0.007593682454528069,-0.8300115515753641,0.04637906742059153,0.3338303637444763,0,B10,5,2
0.06719516392785571,-0.005701785697596556,0.04594132887284996,0.058327813627254504,-0.006989649005812811,-0.9515906985668312,0.0425076701100115,0.316300070014339,0,B10,60,2
0.06691915150300602,-0.005595914673121805,0.045967435170605184,0.05826374148296594,-0.006897927350166394,-0.9671516807688237,0.041903432664801676,0.31308998787080683,0,B10,65,2
0.07218959839679359,-0.00588421225002784,0.045860273444505634,0.05857284609218437,-0.006831489771633772,-0.878966942840528,0.052658649904575916,0.3647246353632217,0,B10,70,2
0.06937527855711423,-0.005043456694236094,0.04588976018688242,0.05786642164328658,-0.00673605106006064,-0.8731470214783509,0.046971036740463615,0.338528635252931,0,B10,75,2
0.07047296492985972,-0.005033863311989422,0.04580222686424423,0.057362984969939884,-0.006740652094607016,-0.8459894093798646,0.049341476131230966,0.35007379198774674,0,B10,80,2
0.06696701683366733,-0.00475235297028039,0.045805665108146945,0.057465209418837676,-0.006619146989038812,-0.8643514317335014,0.04232270345104078,0.31599663126821,0,B10,85,2
0.06930112825651302,-0.004401248899022487,0.04577816397862797,0.057268975951903806,-0.0065124259716861305,-0.8264306181431647,0.04704592855577011,0.3394311877696498,0,B10,90,2
0.06737840781563126,-0.004170046149449861,0.045690626678898054,0.05784339478957916,-0.006491909354335363,-0.9397992229861739,0.04337556227346641,0.32188028538872376,0,B10,95,2
0.061559217635270544,-0.007274906566535736,0.04024628531236901,0.061559217635270544,-0.007274906566535736,-2.623641780841154,0.04262586464580306,0.3462183754377382,0,B11,100,1
0.06400249278557114,-0.006344293587871483,0.04414091429891768,0.056694866332665336,-0.006771347503717492,-0.8187079837408942,0.03972315697330693,0.31032507676218357,0,B11,10,1
0.06374261122244489,-0.00625784433431833,0.044100942745669044,0.056237673346693384,-0.006742427481605949,-0.7842813427652382,0.039283336953551684,0.3081403177574826,0,B11,15,1
0.0651308877755511,-0.006261606578799634,0.044034610215207465,0.055982917835671345,-0.006745243542243687,-0.7925213683262207,0.04219255512068726,0.32390588061756426,0,B11,20,1
0.06449872545090181,-0.006068208734146473,0.04394932556428629,0.05604682605210421,-0.006705205828363312,-0.7700649167344135,0.04109879977323104,0.3186016427915042,0,B11,25,1
0.06505197575150301,-0.005952823592711091,0.04384666371452166,0.055676474148296594,-0.0067023745911980685,-0.7691762489767372,0.042410624073962705,0.32597491147671115,0,B11,30,1
0.0639655370741483,-0.005788884492474326,0.04386979565953083,0.05561642785571142,-0.006656631751369118,-0.7738526650895976,0.040191482829234945,0.3141651322543053,0,B11,35,1
0.06481044589178357,-0.005654016043053683,0.043903997229699156,0.055936779959919844,-0.006627026331564885,-0.7728078093093934,0.04181289732416883,0.3225783802967919,0,B11,40,1
0.06392575110220441,-0.005555324605619566,0.04407816871826324,0.05653004769539079,-0.00662277720043283,-0.7733379718737612,0.039695164767882346,0.31047867317521044,0,B11,45,1
0.06800177515030059,-0.005784005948710441,0.044194948478111507,0.0560436378757515,-0.006762450073410721,-0.7713748984366848,0.04761365334437817,0.35009125305288225,0,B11,50,1
0.06640154969939879,-0.005449499493866856,0.04412420052108221,0.05645581923847696,-0.006804035127161364,-0.8198817287101666,0.04455469835663317,0.335494416608748,0,B11,55,1
0.06381882484969939,-0.006436594993204259,0.04427908452795812,0.05663459438877755,-0.0068088164002050285,-0.7679423003155513,0.039079480643482545,0.3061751821309714,0,B11,5,1
0.0663437130260521,-0.005396029986792692,0.04410108378474269,0.05634111983967936,-0.006766352961133728,-0.9191954436588626,0.044485258482618834,0.3352635574161352,0,B11,60,1
0.06541546773547094,-0.005366597543033619,0.04409255718480057,0.055405533867735474,-0.006755053974166918,-0.9602244470290616,0.04264582110134074,0.32596129461149165,0,B11,65,1
0.06845314829659319,-0.005488402771553202,0.04415536955414158,0.05540223246492986,-0.0067248815971608315,-0.8961034538724141,0.04859555748490321,0.3549548756643655,0,B11,70,1
0.06560874749498999,-0.004990135479863215,0.043984544416742447,0.05536228657314629,-0.006663799661999382,-0.8947153856458728,0.043248406156495084,0.3295932921124399,0,B11,75,1
0.06765260841683367,-0.004995298487696049,0.04376235342361058,0.05552184328657315,-0.006520651076955066,-0.8592777255379752,0.047780509986446174,0.3531313212053268,0,B11,80,1
0.06698673947895792,-0.004679707686601373,0.0437515998686367,0.054643669338677356,-0.006561580193836737,-0.8439581224634344,0.04647027922064244,0.346861778779663,0,B11,85,1
0.06713887254509018,-0.004492909960017341,0.0438598733284356,0.055001894589178354,-0.006534280535212577,-0.8406516051429418,0.04655799843330917,0.3467290756337993,0,B11,90,1
0.06628819118236473,-0.004221379551341886,0.043754733443466864,0.05519738476953907,-0.006601795209413997,-0.9176508512235881,0.04506691547779573,0.3399317033241458,0,B11,95,1
0.0642036885771543,-0.005159160301662073,0.04373100239320695,0.0544193743486974,-0.006091085039593977,-2.213533582751746,0.04094537236789471,0.318870872338512,0,B11,100,2
0.06532086072144289,-0.006494377325124104,0.045339251504782956,0.05762554328657315,-0.006509172605026845,-0.8097517592756404,0.03996321843331986,0.3058993558255512,0,B11,10,2
0.06446626372745491,-0.006247286676303993,0.04527909698042071,0.05766431703406814,-0.006530535785866612,-0.8134288866375317,0.03837433349406841,0.29763112731570895,0,B11,15,2
0.06552111002004007,-0.0062823663195982074,0.04513929245803724,0.05731186012024048,-0.006528681465437169,-0.799365852488975,0.04076363512400567,0.31107253152104597,0,B11,20,2
0.06505425370741483,-0.006082948656501087,0.04505055852590516,0.05710154408817636,-0.006562580332168243,-0.7855948528698194,0.04000739036301934,0.30749250112801874,0,B11,25,2
0.06553198196392786,-0.005968130059016816,0.044982148508357085,0.0570664625250501,-0.006501473999487535,-0.7860599129061464,0.041099666911141544,0.31358479996656363,0,B11,30,2
0.06447011462925852,-0.005792813939954686,0.045035857663090643,0.0568069002004008,-0.006488842225021602,-0.7878150625599833,0.038868513932335744,0.3014459812569964,0,B11,35,2
0.06529791823647293,-0.0056566953402061165,0.04502699498766657,0.05709524248496994,-0.006455193351327414,-0.7859985808451357,0.040541846497612735,0.3104375115818593,0,B11,40,2
0.06743094509018037,-0.005775289812068077,0.04499281134497759,0.05558392004008016,-0.006415754495597158,-0.7698940331501082,0.04487626749040556,0.33275721873977315,0,B11,45,2
0.06536865571142285,-0.005398582409241988,0.04506820331223834,0.056653254509018036,-0.0063797793297822175,-0.7897525463814866,0.04060090479836902,0.31055330996560643,0,B11,50,2
0.06535165210420842,-0.005271698841708869,0.04510457635989892,0.05646279158316633,-0.006340417587058587,-0.8071970121718872,0.040494151488619,0.3098173510904349,0,B11,55,2
0.06412729138276553,-0.0062967061027729785,0.04557077444409856,0.05752743326653306,-0.006403399792290048,-0.8776011772110132,0.037113033877333945,0.28937004103145564,0,B11,5,2
0.06514634749498999,-0.005155236601366669,0.04508324455799711,0.05565147374749499,-0.006285325548185394,-0.8755256797560411,0.04012620587398576,0.30796972828807956,0,B11,60,2
0.0648325739478958,-0.005100873944494239,0.04510671117683566,0.05626564569138276,-0.006229520262024696,-0.9645155717714415,0.03945172554212027,0.3042585165122903,0,B11,65,2
0.06470642084168336,-0.00496223648318056,0.04489489441636215,0.05528455711422846,-0.006188833635797118,-0.9307189852087816,0.03962305285064242,0.3061755876405821,0,B11,70,2
0.06532456032064128,-0.0048170003417005135,0.0448647004071818,0.055486127054108214,-0.006186371673349435,-0.8970465572186297,0.04091971982691896,0.3132031782997637,0,B11,75,2
0.06551017595190381,-0.0046659116482201625,0.044842634759822975,0.05563998476953908,-0.006172018977999615,-0.879280896228049,0.04133508238416167,0.31548596674895985,0,B11,80,2
0.06469787975951903,-0.004638515974856889,0.04481022125925377,0.055237755511022044,-0.006317258182871507,-0.8748605680331114,0.039775317000530525,0.3073927395176993,0,B11,85,2
0.06391705971943888,-0.004714951162515612,0.04479203120252419,0.056136422044088176,-0.006299467172266369,-0.9124350376518826,0.03825005703382939,0.29921633756094485,0,B11,90,2
0.06621060320641282,-0.004192583601243622,0.04467458539188366,0.055402821643286575,-0.006226421672887068,-0.9173291074952871,0.04307203562905833,0.3252653921214132,0,B11,95,2
