PC1,PC2,soc,cycle,battery
0.026984253213842353,-1.3255702148293678,100,1,B01
2.4371538824436505,-0.7249700071570575,10,1,B01
1.8457446039912793,-1.81780332200816,15,1,B01
1.6752980609761934,-1.726382018227087,20,1,B01
1.9690107826092689,-1.472305687976655,25,1,B01
1.8633347936702769,-1.4058310470770545,30,1,B01
1.663733468400269,-1.690810264527386,35,1,B01
1.5068395064460307,-1.4563034232013286,40,1,B01
1.3280780932831502,-2.0255482541889154,45,1,B01
1.2754209195752888,-1.9995916439109618,50,1,B01
2.150442574811646,-1.2398527655005938,55,1,B01
4.3509191183285205,-0.29724319541200084,5,1,B01
1.0711085531055324,-2.356957873334438,60,1,B01
2.0496143775290383,-1.2560214245234773,65,1,B01
0.8577583069435161,-2.2360141307321557,70,1,B01
1.5789494056823914,-1.5249744528250369,75,1,B01
0.6031157942470287,-2.248838457693995,80,1,B01
0.7246635576273774,-2.476161537700442,85,1,B01
0.7224336413866267,-2.4453245724536847,90,1,B01
0.426699412887194,-2.689621918596124,95,1,B01
1.2154227529243642,-0.09158238671622976,100,2,B01
2.6628059460590756,-0.4584271916853715,10,2,B01
2.5987218613215584,0.05736755891924949,15,2,B01
2.340555859721485,-0.4371573669119316,20,2,B01
2.404452837444918,-0.4795033667680616,25,2,B01
1.7503699931032355,-0.9688294231697184,30,2,B01
2.034122198291193,-0.8157166138145513,35,2,B01
1.977950065455669,-0.8009472327389998,40,2,B01
1.9173051420493785,-0.9483069275947249,45,2,B01
1.5985326276100658,-1.218866148460771,50,2,B01
3.110966853849549,0.09536855559594104,55,2,B01
3.4720361402273854,0.25485232328777074,5,2,B01
1.546578124526262,-1.045242024356011,60,2,B01
1.0393988972956423,-1.8210377194324006,65,2,B01
1.5123534801313472,-0.967930202099217,70,2,B01
1.0889432728363273,-1.5255107573370776,75,2,B01
0.5337954046880916,-2.189220278944331,80,2,B01
1.596076493296485,-1.2255115498873148,85,2,B01
0.9720995179308309,-1.647275457603024,90,2,B01
1.0364671989886334,-1.7323135456310486,95,2,B01
-1.8385362164894965,0.8619291171005603,100,1,B02
-0.9689477529682107,-1.353847598204521,10,1,B02
-1.8860778369319664,-1.43271399932134,15,1,B02
-1.6458499118318626,-1.115760579284642,20,1,B02
-1.978692970425524,-1.4283219975647377,25,1,B02
-1.8180018329304066,-1.1894772796778281,30,1,B02
-1.6029034949860153,-0.9614748115956757,35,1,B02
-2.000822017701529,-1.3973640393858324,40,1,B02
-1.924435971473105,-1.2861726381954068,45,1,B02
-2.069084898825821,-1.377925207169366,50,1,B02
-2.0496484009387594,-1.4158732775331506,55,1,B02
-0.6967300324375676,-1.0962837197134794,5,1,B02
-2.150420151943484,-1.5612768664995644,60,1,B02
0.4569789140573155,-0.2291839827080743,65,1,B02
-2.521643699473708,-1.842941267457999,70,1,B02
-2.6635674330317283,-1.8804996940149696,75,1,B02
-2.3495252117952155,-1.6237837741790606,80,1,B02
-2.306658192024406,-1.504607695796373,85,1,B02
-2.3872999544924918,-1.6149909901131767,90,1,B02
-2.2062832884923247,-1.417702488698763,95,1,B02
-3.203654432328747,0.21557491026761005,100,2,B02
-1.0842052181231807,-1.9300993537497761,10,2,B02
-1.8879764633633191,-2.618893420805057,15,2,B02
-3.211845860481569,-3.1757789583610956,20,2,B02
-1.6439893347947878,-2.40427246374059,25,2,B02
-3.28500108167942,-3.242730876170123,30,2,B02
-2.5615419628058187,-2.4420581489032878,35,2,B02
-2.8094346997771953,-2.7140817103600594,40,2,B02
-2.908297013305498,-2.864443381941549,45,2,B02
-3.2355129561183955,-3.136848258279266,50,2,B02
-2.9545435497374646,-2.927999745720758,55,2,B02
-1.4136612081961912,-2.266829935400034,5,2,B02
-3.229261932560236,-3.2615148994679832,60,2,B02
-3.4840679274326103,-3.362824698138001,65,2,B02
-3.5715550071087887,-3.5652403711096015,70,2,B02
-3.6290150149953977,-3.603359702633379,75,2,B02
-3.7279620017735158,-3.6498140659718055,80,2,B02
-3.683484751946783,-3.6025219394728225,85,2,B02
-3.5945292844476655,-3.5846763448794934,90,2,B02
-2.9437193370697896,-2.8466254417929804,95,2,B02
2.0936174537408285,-1.864022423432941,100,1,B03
4.048479823464192,-2.5282886736338384,10,1,B03
4.4163834902959715,-1.6297479288152075,15,1,B03
4.364501598300461,-1.872739756776682,20,1,B03
4.6324524907647895,-0.02961448043259989,25,1,B03
3.5692671921690247,-2.2297475732126295,30,1,B03
4.242643666238393,-1.3810463041604797,35,1,B03
4.427354384228713,-0.8259869221886998,40,1,B03
4.05181087252554,-1.858551592468125,45,1,B03
3.8642052861640113,-2.0290599727733682,50,1,B03
4.737204773723773,0.04836271250099857,55,1,B03
4.615646188561784,-1.6612702192319597,5,1,B03
3.8009882114693903,-1.7723540691972295,60,1,B03
3.4927476153838177,-2.6793286344950045,65,1,B03
4.342880124965509,-1.9559506725634483,70,1,B03
3.417216431882002,-2.7757698072840107,75,1,B03
5.058594036281181,1.128996801191103,80,1,B03
3.855058818021834,-0.5649747795178983,85,1,B03
2.878230339631085,-3.3292279617452754,90,1,B03
2.80746835435416,-3.3446373368812896,95,1,B03
2.4230441849447173,-1.9056745341020396,100,2,B03
5.3123302347328885,0.7957049200907425,10,2,B03
4.05211308346055,-2.025752525271614,15,2,B03
4.6377352406067995,-1.338116162868056,20,2,B03
4.497671766096258,-1.0343276289178953,25,2,B03
5.040175923269261,0.1218225387483711,30,2,B03
4.344116621570375,-1.5367216831109027,35,2,B03
5.001439206925823,0.8610956869222458,40,2,B03
4.945362843149086,0.7133314008392222,45,2,B03
4.242464725566693,-1.5239594755056913,50,2,B03
4.045201485101607,-2.160191184828484,55,2,B03
4.428478780134114,-1.3836570442290541,5,2,B03
4.211362602713816,-1.8324218899604332,60,2,B03
3.8858854807008476,-2.0681951618746646,65,2,B03
4.5230236853904024,-0.3780245315604062,70,2,B03
3.8415914592465508,-2.3740084560674926,75,2,B03
4.069133267339183,-1.934426084513397,80,2,B03
3.4237494338784606,-2.5581024177799376,85,2,B03
3.121143098839047,-2.735899715767759,90,2,B03
3.0629247409538105,-2.817675549484377,95,2,B03
1.2154227529243642,-0.09158238671622976,100,1,B04
2.6628059460590756,-0.4584271916853715,10,1,B04
2.5987218613215584,0.05736755891924949,15,1,B04
2.340555859721485,-0.4371573669119316,20,1,B04
2.404452837444918,-0.4795033667680616,25,1,B04
1.7503699931032355,-0.9688294231697184,30,1,B04
2.034122198291193,-0.8157166138145513,35,1,B04
1.977950065455669,-0.8009472327389998,40,1,B04
1.9173051420493785,-0.9483069275947249,45,1,B04
1.5985326276100658,-1.218866148460771,50,1,B04
3.110966853849549,0.09536855559594104,55,1,B04
3.4720361402273854,0.25485232328777074,5,1,B04
1.546578124526262,-1.045242024356011,60,1,B04
1.0393988972956423,-1.8210377194324006,65,1,B04
1.5123534801313472,-0.967930202099217,70,1,B04
1.0889432728363273,-1.5255107573370776,75,1,B04
0.5337954046880916,-2.189220278944331,80,1,B04
1.596076493296485,-1.2255115498873148,85,1,B04
0.9720995179308309,-1.647275457603024,90,1,B04
1.0364671989886334,-1.7323135456310486,95,1,B04
-1.7393969502963338,-1.229960291287377,100,2,B04
-0.3349722666009764,-2.4286235742169144,10,2,B04
-0.36576906245747337,-2.3680371289333433,15,2,B04
-0.9145761017313174,-2.01346864251155,20,2,B04
-0.8112950173935047,-1.8457438008359284,25,2,B04
-1.0680775073530477,-1.9135297719552735,30,2,B04
-0.8931047928921714,-1.8140691367890354,35,2,B04
-0.9661393474587902,-1.871175046003299,40,2,B04
-1.0814746896246918,-1.9981762480924248,45,2,B04
-2.670900203201931,-3.7765262477789108,50,2,B04
-1.2092140605782047,-2.287107682931366,55,2,B04
0.21737222304632456,-1.898980661939355,5,2,B04
-1.144463569650885,-2.1196501265994776,60,2,B04
-1.297483479603911,-2.292587432848925,65,2,B04
-1.738610111123239,-2.5574031958004944,70,2,B04
-2.003686027354262,-2.8732767677617383,75,2,B04
-1.8637620441461449,-2.762908359140268,80,2,B04
-1.5546318360319042,-2.527275401408095,85,2,B04
-1.948818869829572,-2.764668539197375,90,2,B04
-1.9314922454864143,-2.698358694987309,95,2,B04
-1.7060621676872945,1.021808510832808,100,1,B05
-1.8002247174898895,0.6994793376960188,10,1,B05
-1.7960764543718268,0.6804348515277477,15,1,B05
-1.9815517123541642,0.6118515972961573,20,1,B05
-2.0594578001695014,0.5296658494191355,25,1,B05
-1.6244082566778686,0.9737439489949887,30,1,B05
-1.9226981244924555,0.6078656913380909,35,1,B05
-1.4784884789978576,1.0901401776917705,40,1,B05
-2.3453311331547106,0.1778300836901721,45,1,B05
-2.2924128273162014,0.2884056517792384,50,1,B05
-2.4859844464165874,0.09301377297198407,55,1,B05
-1.3373862173313464,1.1374962388248788,5,1,B05
-1.914206482468565,0.8149685294541151,60,1,B05
-2.39851542722169,0.3388594906481005,65,1,B05
-1.8587249158996335,0.8759230094406414,70,1,B05
-2.4244236759234616,0.4192812436548727,75,1,B05
-3.057009324139374,-0.37495593960284446,80,1,B05
-3.1472354596588485,-0.4016205853891176,85,1,B05
-2.910819029234663,-0.19091093826115935,90,1,B05
-2.8568828140772373,-0.11727665666020155,95,1,B05
-0.5082244433578393,2.3138822096200715,100,2,B05
-1.5164449117411498,0.7639574205548793,10,2,B05
-1.4820363949444784,0.8398678444758046,15,2,B05
-1.8811237876490443,0.41099852015119115,20,2,B05
-1.6521113984607885,0.6470213879408346,25,2,B05
-1.745491478160947,0.5783996146019282,30,2,B05
-1.7818857943264022,0.5584887941868419,35,2,B05
-1.8920050385514795,0.4506136645609385,40,2,B05
-1.718000771018624,0.558676790967793,45,2,B05
-1.7947732353819055,0.5074553464604616,50,2,B05
-1.9154594671160672,0.41621984894193,55,2,B05
-0.9642230868463654,0.3788430815944795,5,2,B05
-2.465808692014071,-0.1217477718979313,60,2,B05
-1.3210837329766068,1.0981117978298254,65,2,B05
-1.9196919294977812,0.42674693046766127,70,2,B05
-2.202896741337401,0.13963930845037792,75,2,B05
-1.7797370051671653,0.5739411211892134,80,2,B05
-1.5132053115995256,0.9531304386322477,85,2,B05
-1.4593535089099328,0.8530371699607987,90,2,B05
-2.1512782570904596,0.2990093620341936,95,2,B05
1.1713482779696245,4.334878789334133,100,1,B06
1.0068379860601688,2.3542221258714005,10,1,B06
0.6357541059362972,2.1011109577869194,15,1,B06
0.6135218722238269,2.0728514583704776,20,1,B06
0.46633783934619033,1.9610924705211257,25,1,B06
0.25754221553112994,1.7235871926047481,30,1,B06
0.29196143712580275,1.7288975941826115,35,1,B06
1.2851899962720505,2.662869443321703,40,1,B06
-0.13525261621185863,1.313943881261251,45,1,B06
0.1278783410184489,1.531672160400609,50,1,B06
0.989702247697073,2.328829455449354,55,1,B06
1.159351533588912,2.500655283541744,5,1,B06
0.3208757285400379,1.724324422864432,60,1,B06
0.09179670163210855,1.631676758127248,65,1,B06
-0.6270883477423315,0.8851660551899037,70,1,B06
-0.0038252360969305275,1.4806970071746717,75,1,B06
-0.17050084799439802,1.3162314557284391,80,1,B06
-0.7534320099144758,0.8531242133504069,85,1,B06
0.185333252918106,1.6856995669015187,90,1,B06
-0.46379413430689337,1.0592999682878332,95,1,B06
-0.41916072881390265,1.592718033665328,100,2,B06
0.5162681029211946,1.7796925918521802,10,2,B06
0.15715599848373277,1.5215440181700173,15,2,B06
0.44770784643159744,1.9476476703508123,20,2,B06
0.1599076580749605,1.6292608266447417,25,2,B06
-0.04194630026667482,1.4667085278813476,30,2,B06
-0.10218228890377282,1.343944531065535,35,2,B06
-0.5534510586639091,0.8663081547445772,40,2,B06
-0.33091829540400597,1.0452565389692658,45,2,B06
-0.49318400117005023,0.9209137320864157,50,2,B06
-0.5485776822906206,0.8426640718917158,55,2,B06
0.3026684860239863,1.68842497314318,5,2,B06
-1.0146402908436576,0.45315692545277936,60,2,B06
-0.8877597694016282,0.6684376447822209,65,2,B06
-0.5439445223615356,0.9958148876529522,70,2,B06
-0.8028263556136646,0.6660626325548789,75,2,B06
-0.9752810229566566,0.539199479199635,80,2,B06
-0.45889917349435544,0.9974005553222403,85,2,B06
-0.3331657863278356,1.0008647187665525,90,2,B06
0.3854862778658374,1.6816011965454616,95,2,B06
-0.6249802455867981,1.5391975780246598,100,1,B07
0.5176042991737209,1.9393818565986738,10,1,B07
0.7513912231503497,2.096013363096125,15,1,B07
0.4374505183819482,1.8027858729024244,20,1,B07
0.8533011921575793,2.333634342530216,25,1,B07
0.5638778611147585,1.9966773620023257,30,1,B07
0.6279692207540225,2.045799441937222,35,1,B07
0.1736595529138012,1.5198272672559012,40,1,B07
0.07012293915910328,1.430942019513581,45,1,B07
0.41379199184819,1.7615577048055042,50,1,B07
0.27632439739567094,1.629282960504413,55,1,B07
0.7672926986062556,2.0716399197791633,5,1,B07
-0.19962584650016896,1.2358354710747463,60,1,B07
0.3921974307620455,1.830257504134701,65,1,B07
0.6476595871932466,1.8867125697770348,70,1,B07
-0.08832011391806058,1.3585272708431313,75,1,B07
-0.5305520275236062,0.8667543944501368,80,1,B07
0.0003610383219191687,1.2770775993779315,85,1,B07
-0.15184688849615396,1.2032550711836707,90,1,B07
-0.312057024213382,1.1153897523787075,95,1,B07
0.4548846347268801,2.095509311976391,100,2,B07
0.803455010673071,1.8692805649448656,10,2,B07
0.6915773910689873,1.803226477509532,15,2,B07
0.6032295650746651,1.7235354636847455,20,2,B07
0.513456493755957,1.7818097700515327,25,2,B07
0.7631060782603137,1.9874556941269652,30,2,B07
0.8648644956428329,1.9663848828517496,35,2,B07
0.49626609179762143,1.6353086734094746,40,2,B07
0.7108854812139734,1.7791048129888294,45,2,B07
0.1665602683993081,1.2384656799609974,50,2,B07
0.5646846942481595,1.6094375894241912,55,2,B07
0.5767414698607732,1.5451718850959726,5,2,B07
1.4524582997077498,2.3683888651632903,60,2,B07
-0.1768926824682365,0.9165480383176048,65,2,B07
-0.15311962884764332,0.9836476335795624,70,2,B07
-0.1685720798002302,1.0611338153358183,75,2,B07
-0.1711792321577992,1.0602758939438433,80,2,B07
-0.2665096032731229,0.8861522034307594,85,2,B07
-0.008110351970206996,1.0735492508931672,90,2,B07
0.6397347569615465,1.746945073788839,95,2,B07
0.7490246881078316,1.542581821031874,100,1,B08
2.0992562883625303,1.6783369558255332,10,1,B08
1.5545310324276485,1.2238276676713786,15,1,B08
1.6434447089728659,1.3077792682989982,20,1,B08
1.5634062511193083,1.2442212866868327,25,1,B08
1.7452284908930684,1.4929153163157372,30,1,B08
1.5953704591972033,1.3436527278777766,35,1,B08
1.1383843395622517,1.045334964438178,40,1,B08
1.1639956612266253,0.8629761349918995,45,1,B08
1.0042341189411546,0.6970916807500721,50,1,B08
1.0996736650410275,0.7720402983522193,55,1,B08
1.4633059571131752,1.0489152686209084,5,1,B08
1.2310166641458598,0.8871873039406156,60,1,B08
1.0039738359724029,0.7348890732430999,65,1,B08
1.6598810066981384,1.444782040700629,70,1,B08
1.3752602742837918,1.0282121788049383,75,1,B08
0.5217199548109177,0.32876636538689313,80,1,B08
0.71182066724656,0.569719005437859,85,1,B08
0.6803097093483896,0.524828098759491,90,1,B08
1.3785184161485258,1.1467234759122347,95,1,B08
-0.21072195797308438,0.31091693327037045,100,2,B08
1.3266545610769045,0.8974485814384923,10,2,B08
0.8607868384623245,0.48642744722874187,15,2,B08
0.7604085002135951,0.49460736260003363,20,2,B08
1.3209855574129792,0.9509999232842066,25,2,B08
1.1623114459953279,0.9876168262669616,30,2,B08
1.0521729273129927,0.8439640528371147,35,2,B08
2.268991798630785,2.056731718256813,40,2,B08
1.7209385579424097,1.3956956494402126,45,2,B08
0.649970440244725,0.3263003286703925,50,2,B08
1.5138930489756721,1.115747386416857,55,2,B08
1.0963293056559644,0.8405657643512559,5,2,B08
1.5544978763356216,1.0938024605105574,60,2,B08
1.2011691825313293,0.9359170192680567,65,2,B08
1.4558337127860914,1.084577490636443,70,2,B08
0.2532286361859924,0.03467375968041234,75,2,B08
0.3196362577871303,0.11327948061203133,80,2,B08
-0.0011354309628115976,-0.1789673347182337,85,2,B08
-0.028752325724779385,-0.3401492152060643,90,2,B08
0.27484036986060145,-0.04651489807947769,95,2,B08
-2.1860494501927024,0.7823827532892689,100,1,B09
-1.3065228053540614,0.8463957206618024,10,1,B09
-1.0920208705836199,1.1287031645519208,15,1,B09
-1.3676550593146177,0.9066859295500872,20,1,B09
-1.0896188943826115,1.1415410924732765,25,1,B09
-1.4627855321857346,0.7500617551907721,30,1,B09
-1.407964125204878,0.7080343981405748,35,1,B09
-1.0177378344152854,1.1646211821022265,40,1,B09
-1.1105004950296657,0.9657770745917282,45,1,B09
-1.0733515105103768,1.0161684088822118,50,1,B09
-0.18979739673733564,1.9836527598250528,55,1,B09
-0.9446300953275772,1.088425302382353,5,1,B09
-1.973424077800294,0.2652576106617731,60,1,B09
-1.2140162715489415,1.1121317785052462,65,1,B09
-1.455508794621264,0.8222629431938591,70,1,B09
-2.0001771911616713,0.32990232328720664,75,1,B09
-2.374900891395803,-0.12940046075974931,80,1,B09
-1.9515420021612513,0.23090442853499643,85,1,B09
-1.9448477980637078,0.26244859606535076,90,1,B09
-1.9332021303817182,0.2673955068522645,95,1,B09
-1.6023386796683425,0.8755384046147053,100,2,B09
-1.1050770470037397,0.8076691529792375,10,2,B09
-1.4471309403345771,0.5107821220071946,15,2,B09
-1.1571086093021064,0.8825046321767684,20,2,B09
-1.1478861267440135,0.8186285861316908,25,2,B09
-1.4627503266851658,0.5102587241242594,30,2,B09
-1.281069159422831,0.7087598328900896,35,2,B09
-1.6336853477022082,0.33194305550170045,40,2,B09
-1.5330341439181272,0.39792413989879794,45,2,B09
-1.5568378294786782,0.32373264267632784,50,2,B09
-1.571468791466112,0.2600900848910263,55,2,B09
-1.319751216557343,0.5650239495205392,5,2,B09
-0.5417996157195704,1.482651318693041,60,2,B09
-1.9456505544584501,0.1870844622340157,65,2,B09
-1.129794216190146,0.8950397045293074,70,2,B09
-2.0555972930613384,-0.03383644977172003,75,2,B09
-1.2814281785443569,0.7400703381303959,80,2,B09
-1.5529893961733492,0.40712498786363654,85,2,B09
-1.5600002270084994,0.3333014812044094,90,2,B09
-1.7790626021053981,0.07178382925062894,95,2,B09
0.6946230346383592,2.3383883212856023,100,1,B10
0.125487803324112,1.427776984755627,10,1,B10
0.0904916791818619,1.4060181081146663,15,1,B10
0.5760934036591278,1.9339385342848225,20,1,B10
-0.019285764850180902,1.4272830107520038,25,1,B10
0.03925246832695326,1.4929892207122368,30,1,B10
0.2777566296652989,1.6729002273443911,35,1,B10
-0.015092418568781296,1.3040924409386165,40,1,B10
0.06179602439749798,1.3983038493605535,45,1,B10
-0.1369309682531684,1.1249278659493982,50,1,B10
0.15189056106989363,1.379373399419241,55,1,B10
0.4534110670891651,1.7232287731712137,5,1,B10
-0.2597073270642113,1.080931550694369,60,1,B10
-0.08961775363923298,1.2239754053838374,65,1,B10
-0.44418405867662647,0.9420897125364888,70,1,B10
-0.47732118857303907,0.9221641867712502,75,1,B10
-0.08723270953503169,1.3203188827207097,80,1,B10
-0.13701986362575425,1.2255414735677714,85,1,B10
0.06694259103050061,1.274092025257846,90,1,B10
-0.590617471976313,0.7148861450594921,95,1,B10
-1.6148284927601775,0.7685544453808254,100,2,B10
0.5184526028445665,1.4955720610124843,10,2,B10
0.043102648147445036,1.0208047529834783,15,2,B10
0.3153470518537779,1.3383047667755046,20,2,B10
-0.09036729851991153,0.8767846403025633,25,2,B10
0.05764273557290724,1.0649230495370603,30,2,B10
-0.08817606631748351,0.8912794055565638,35,2,B10
-0.05681095995994463,0.9616577854354882,40,2,B10
-0.11738650829230159,0.8387890679675244,45,2,B10
-0.6102026749209867,0.3444656136568431,50,2,B10
0.8136244133407589,1.7118031720168625,55,2,B10
0.529851094264669,1.4596570191901508,5,2,B10
-0.8579097735114256,0.21946585604516247,60,2,B10
-1.0061317679182304,0.05944059994503687,65,2,B10
0.320650655990734,1.3514470523736644,70,2,B10
-0.6379435704509481,0.3857251265931616,75,2,B10
-0.39965253120007566,0.6891446736084301,80,2,B10
-1.355927497001707,-0.3006567601369267,85,2,B10
-0.9417318434266285,0.07985966562850937,90,2,B10
-1.426505907163505,-0.4325537231120973,95,2,B10
-0.9448971498441895,2.3149766337571047,100,1,B11
-1.4530406915191711,0.3831940458263607,10,1,B11
-1.573484942989137,0.30172665294306933,15,1,B11
-1.2463948955878879,0.6971906488132916,20,1,B11
-1.4452541660506568,0.477917133044175,25,1,B11
-1.3528321792332243,0.634872406032382,30,1,B11
-1.6843733262687395,0.27255954329366266,35,1,B11
-1.5086242258094533,0.3888659697722346,40,1,B11
-1.7282589504103514,0.02242115741852209,45,1,B11
-0.6766721544353262,1.1405473245182514,50,1,B11
-1.0811454913313407,0.6867586274337922,55,1,B11
-1.4725506082886837,0.3195753474900257,5,1,B11
-1.145479641405993,0.6708443814781216,60,1,B11
-1.451362775831597,0.4860345826742438,65,1,B11
-0.7151759912548543,1.1916214536741452,70,1,B11
-1.5193211600307723,0.38229028846145857,75,1,B11
-1.0602562210137558,0.8735372224571804,80,1,B11
-1.3289405709864084,0.6685490371015627,85,1,B11
-1.338273159206426,0.5568335832569277,90,1,B11
-1.5515131954049843,0.34696044895464084,95,1,B11
-2.3277527064009025,0.23907238763148808,100,2,B11
-1.3263447724451862,0.05095072226206736,10,2,B11
-1.5691166688674791,-0.21904864731511192,15,2,B11
-1.3115677669879882,0.1353323375316558,20,2,B11
-1.4541799358002703,0.010081169168385369,25,2,B11
-1.3907175745931721,0.08703053211210438,30,2,B11
-1.720136911296366,-0.2624929322286863,35,2,B11
-1.5469694672878693,-0.1307900651363948,40,2,B11
-1.1293637371165062,0.49418734133891734,45,2,B11
-1.6660032948116832,-0.2440386646762055,50,2,B11
-1.7405246294364984,-0.3188084185166899,55,2,B11
-1.76305782621071,-0.46671417182596836,5,2,B11
-1.909682112864086,-0.3792676192732187,60,2,B11
-1.9985575073332482,-0.5280185933348073,65,2,B11
-2.119373578058389,-0.49927065465534776,70,2,B11
-1.982098305631248,-0.4016417456774969,75,2,B11
-1.963519627839792,-0.4196548767548804,80,2,B11
-2.1143190651855153,-0.5226434295054052,85,2,B11
-2.233978119036444,-0.730131497311637,90,2,B11
-1.8766089582537187,-0.2968734435529703,95,2,B11
